SYMB,ED,TRAN,ANUM,BNUM,CNUM,BONDCOUP,BONDFREQ,BONDMAT,CURRENCY,INCOME STYLE
FGN 2035 Bond,20250207,BUY,103.1218785,12000000,0,22.60%,6,29-01-35,NGN,Bond Interest
FGN 2031 Bond,20250207,BUY,98.55994565,7000000,0,18.50%,6,21-02-31,NGN,Bond Interest
FGN 2031 Bond,20250210,BUY,98.75076087,7000000,0,18.50%,6,21-02-31,NGN,Bond Interest
FGN 2031 Bond,20250227,BUY,97.75037983,7000000,0,18.50%,6,21-02-31,NGN,Bond Interest
FGN 2031 Bond,20250226,BUY,97.52927486,10000000,0,18.50%,6,21-02-31,NGN,Bond Interest
FGN 2035 Bond,20250226,BUY,111.5680663,5000000,0,22.60%,6,29-01-35,NGN,Bond Interest
FGN 2035 Bond,20250225,BUY,111.7356354,8000000,0,22.60%,6,29-01-35,NGN,Bond Interest
FGN 2033 bond,20250303,BUY,111.6377831,5000000,0,19.89%,6,15-05-33,NGN,Bond Interest
FGN 2031 bond,20250303,BUY,98.75104972,20000000,0,18.50%,6,21-02-31,NGN,Bond Interest
FGN 2031 bond,20250303,BUY,100.8947997,10000000,0,18.50%,6,21-02-31,NGN,Bond Interest
FGN 2035 Bond,20250304,BUY,120.9364019,5000000,0,22.60%,6,29-01-35,NGN,Bond Interest
FGN 2037 bond,20250306,BUY,96.55906896,10000000,0,16.25%,6,18-04-37,NGN,Bond Interest
FGN 2033 bond,20250306,BUY,111.5288674,10000000,0,19.89%,6,15-05-33,NGN,Bond Interest
FGN 2033 bond,20250312,BUY,110.9985359,12000000,0,19.89%,6,15-05-33,NGN,Bond Interest
FGN 2033 bond,20250325,BUY,107.0028177,20000000,0,19.89%,6,15-05-33,NGN,Bond Interest
FGN 2033 bond,20250324,BUY,106.7578729,10000000,0,19.89%,6,15-05-33,NGN,Bond Interest
FGN 2033 bond,20250407,BUY,108.3908494,8000000,0,19.89%,6,15-05-33,NGN,Bond Interest
FGN 2031 Bond,20250408,BUY,98.46082873,7000000,0,18.50%,6,21-02-31,NGN,Bond Interest
FGN 2035 Bond,20250508,SELL,118.680663,10000000,0,22.60%,6,29-01-35,NGN,Bond Interest
FGN 2035 Bond,20250508,SELL,118.640663,5000000,0,22.60%,6,29-01-35,NGN,Bond Interest
FGN 2035 Bond,20250508,SELL,118.486913,15000000,0,22.60%,6,29-01-35,NGN,Bond Interest
FGN 2031 Bond,20250520,SELL,99.11348757,10000000,0,18.50%,6,21-02-31,NGN,Bond Interest
FGN 2031 Bond,20250520,SELL,99.11348757,10000000,0,18.50%,6,21-02-31,NGN,Bond Interest
FGN 2031 Bond,20250520,SELL,99.01348757,10000000,0,18.50%,6,21-02-31,NGN,Bond Interest
FGN 2037 bond,20250520,SELL,86.06700628,10000000,0,16.25%,6,18-04-37,NGN,Bond Interest
FGN 2031 Bond,20250521,SELL,99.22459254,8000000,0,18.50%,6,21-02-31,NGN,Bond Interest
FGN 2031 Bond,20250521,SELL,99.38459254,10000000,0,18.50%,6,21-02-31,NGN,Bond Interest
FGN 2031 Bond,20250521,SELL,99.38459254,10000000,0,18.50%,6,21-02-31,NGN,Bond Interest
FGN 2031 Bond,20250521,SELL,99.38459254,10000000,0,18.50%,6,21-02-31,NGN,Bond Interest
FGN 2033 bond,20250626,SELL,108.382988,10000000,0,19.89%,6,15-05-33,NGN,Bond Interest
FGN 2033 bond,20250626,SELL,108.4000543,2500000,0,19.89%,6,15-05-33,NGN,Bond Interest
FGN 2033 bond,20250627,SELL,108.5341033,5000000,0,19.89%,6,15-05-33,NGN,Bond Interest
FGN 2033 bond,20250626,SELL,108.4729396,5000000,0,19.89%,6,15-05-33,NGN,Bond Interest
FGN 2033 bond,20250630,SELL,107.5725,10000000,0,19.89%,6,15-05-33,NGN,Bond Interest
FGN 2034 bond,20250722,BUY,121.1691644,7000000,0,19.00%,6,21-02-34,NGN,Bond Interest
FGN 2033 bond,20250722,BUY,120.1053261,20000000,0,19.89%,6,15-05-33,NGN,Bond Interest
FGN 2033 bond,20250724,BUY,121.2471739,5000000,0,19.89%,6,15-05-33,NGN,Bond Interest
FGN 2034 bond,20250723,BUY,122.4379006,15000000,0,19.00%,6,21-02-34,NGN,Bond Interest
FGN 2033 bond,20250725,BUY,121.3012228,10000000,0,19.89%,6,15-05-33,NGN,Bond Interest
FGN 2034 bond,20250724,BUY,122.2303867,3000000,0,19.00%,6,21-02-34,NGN,Bond Interest
FGN 2031 Bond,20250731,BUY,117.0067956,20000000,0,18.50%,6,21-02-31,NGN,Bond Interest
FGN 2034 bond,20250801,BUY,121.8440262,10000000,0,19.00%,6,21-02-34,NGN,Bond Interest
FGN 2031 Bond,20250822,BUY,102.9602717,8000000,0,18.50%,6,21-02-31,NGN,Bond Interest
FGN 2034 bond,20250825,BUY,108.2802717,7000000,0,19.00%,6,21-02-34,NGN,Bond Interest
FGN 2032 bond,20250922,BUY,111.6048907,5000000,0,17.95%,6,25-06-32,NGN,Bond Interest
FGN 2031 bond,20250922,BUY,109.8286957,5000000,0,18.50%,6,21-02-31,NGN,Bond Interest
FGN 2032 bond,20250923,BUY,110.9339344,10000000,0,17.95%,6,25-06-32,NGN,Bond Interest
FGN 2033 bond,20250923,BUY,122.8504076,15000000,0,19.89%,6,15-05-33,NGN,Bond Interest
FGN 2033 bond,20250922,BUY,123.3401087,6000000,0,19.89%,6,15-05-33,NGN,Bond Interest
FGN 2031 Bond,20251008,BUY,112.5067935,5000000,0,18.50%,6,21-02-31,NGN,Bond Interest
FGN 2032 bond,20251007,BUY,114.5905464,15000000,0,17.95%,6,25-06-32,NGN,Bond Interest
FGN 2031 Bond,20251008,BUY,112.5067935,5000000,0,18.50%,6,21-02-31,NGN,Bond Interest
FGN 2033 bond,20251008,BUY,126.5511413,3000000,0,19.89%,6,15-05-33,NGN,Bond Interest
FGN 2042 bond,20251008,BUY,88.53863387,2500000,0,13.00%,6,21-01-42,NGN,Bond Interest
FGN 2033 bond,20251007,SELL,124.4933424,3000000,0,19.89%,6,15-05-33,NGN,Bond Interest
FGN 2033 bond,20251112,BUY,130.1666033,15000000,0,19.89%,6,15-05-33,NGN,Bond Interest
FGN 2033 bond,20251112,BUY,129.4128533,10000000,0,19.89%,6,15-05-33,NGN,Bond Interest
NIGTB 05/11/2026,20251114,BUY,85.1260274,10000000,0,15.25%,0,05-11-26,NGN,Bond Interest
NIGTB 05/11/2026,20251114,BUY,85.07726027,18000000,0,15.30%,0,05-11-26,NGN,Bond Interest
NIGTB 05/11/2026,20251113,BUY,85.08424658,10000000,0,15.25%,0,05-11-26,NGN,Bond Interest
FGN 2031 Bond,20251203,BUY,114.7420109,10000000,0,18.50%,6,21-02-31,NGN,Bond Interest
FGN 2032 Bond,20251203,BUY,116.2497883,10000000,0,17.95%,6,25-06-32,NGN,Bond Interest
FGN 2032 Bond,20251203,BUY,116.0760383,7000000,0,17.95%,6,25-06-32,NGN,Bond Interest
FGN 2032 Bond,20251203,BUY,116.2360383,10000000,0,17.95%,6,25-06-32,NGN,Bond Interest
FGN 2031 Bond,20251203,BUY,114.4982609,10000000,0,18.50%,6,21-02-31,NGN,Bond Interest
FGN 2033 bond,20251203,SELL,115.8352555,12000000,0,19.89%,6,15-05-33,NGN,Bond Interest
FGN 2031 Bond,20251219,BUY,110.5126087,4500000,0,18.50%,6,21-02-31,NGN,Bond Interest
FGN 2031 Bond,20251222,BUY,111.0071739,4500000,0,18.50%,6,21-02-31,NGN,Bond Interest
NIGTB 23/07/2026,20260119,BUY,91.89041096,10000000,0,16.00%,0,23-07-26,NGN,Bond Interest
NIGTB 18/06/2026,20260119,BUY,93.42465753,6000000,0,16.00%,0,18-06-26,NGN,Bond Interest
NIGTB 05/11/2026,20260126,SELL,86.70288,6000000,0,16.00%,0,05-11-26,NGN,Bond Interest
NIGTB 05/11/2026,20260126,SELL,86.43151,6000000,0,16.00%,0,05-11-26,NGN,Bond Interest
FGN 2034 bond,20260213,BUY,119.737,10000000,0,19.00%,6,21-02-34,NGN,Bond Interest
FGN 2034 bond,20260217,BUY,119.4834783,3550000,0,19.00%,6,21-02-34,NGN,Bond Interest
FGN 2034 bond,20260217,BUY,119.2972283,3500000,0,19.00%,6,21-02-34,NGN,Bond Interest
FGN 2031 Bond,20260303,BUY,109.611,7000000,0,18.50%,6,21-02-31,NGN,Bond Interest
FGN 2033 bond,20260303,BUY,123.544,3000000,0,19.89%,6,15-05-33,NGN,Bond Interest
FGN 2032 Bond,20260304,BUY,112.3426,9000000,0,17.95%,6,25-06-32,NGN,Bond Interest
FGN 2042 bond,20260330,SELL,90.90198895,2500000,0,13.00%,6,21-01-42,NGN,Bond Interest
FGN 2034 bond,20260330,SELL,113.731989,5000000,0,19.00%,6,21-02-34,NGN,Bond Interest
FGN 2033 bond,20260331,SELL,121.2524862,20000000,0,19.89%,6,15-05-33,NGN,Bond Interest
FGN 2033 bond,20260331,SELL,121.2524862,30000000,0,19.89%,6,15-05-33,NGN,Bond Interest
FGN 2034 bond,20260331,SELL,113.7844751,25000000,0,19.00%,6,21-02-34,NGN,Bond Interest
FGN 2032 Bond,20260331,SELL,110.9640659,5000000,0,17.95%,6,25-06-32,NGN,Bond Interest
FGN 2031 Bond,20260331,SELL,108.151989,20000000,0,18.50%,6,21-02-31,NGN,Bond Interest
FGN 2031 Bond,20260401,SELL,108.0830939,30000000,0,18.50%,6,21-02-31,NGN,Bond Interest
FGN 2033 bond,20260407,SELL,121.0470994,20000000,0,19.89%,6,15-05-33,NGN,Bond Interest
FGN 2033 bond,20260407,SELL,121.0070994,10000000,0,19.89%,6,15-05-33,NGN,Bond Interest
FGN 2034 bond,20260407,SELL,113.4718785,14050000,0,19.00%,6,21-02-34,NGN,Bond Interest
FGN 2032 Bond,20260407,SELL,110.2892582,24000000,0,17.95%,6,25-06-32,NGN,Bond Interest
FGN 2032 Bond,20260407,SELL,110.2892582,26000000,0,17.95%,6,25-06-32,NGN,Bond Interest
FGN 2033 bond,20260408,SELL,121.2320442,4500000,0,19.89%,6,15-05-33,NGN,Bond Interest
FGN 2031 Bond,20260408,SELL,108.6208287,10000000,0,18.50%,6,21-02-31,NGN,Bond Interest
FGN 2031 Bond,20260408,SELL,108.6708287,10000000,0,18.50%,6,21-02-31,NGN,Bond Interest
FGN 2033 bond,20260408,SELL,121.0620442,20000000,0,19.89%,6,15-05-33,NGN,Bond Interest
FGN 2032 Bond,20260408,SELL,110.5885714,11000000,0,17.95%,6,25-06-32,NGN,Bond Interest
FGN 2034 bond,20260408,SELL,113.6143646,20000000,0,19.00%,6,21-02-34,NGN,Bond Interest
FGN 2034 bond,20260409,BUY,114.4668508,5000000,0,19.00%,6,21-02-34,NGN,Bond Interest
NIGTB 05/11/2026,20260428,SELL,91.36575342,13000000,0,16.00%,0,05-11-26,NGN,Bond Interest
NIGTB 05/11/2026,20260428,SELL,91.38668493,13000000,0,16.00%,0,05-11-26,NGN,Bond Interest
NIGTB 23/07/2026,20260512,SELL,96.84383562,10000000,0,16.00%,0,23-07-26,NGN,Bond Interest
FGN 2031 Bond,20260514,SELL,109.3206077,9000000,0,18.50%,6,21-02-31,NGN,Bond Interest
NIGTB 18/06/2026,20260514,SELL,98.37082192,6000000,0,16.00%,0,18-06-26,NGN,Bond Interest
NIGTB 18/02/2027,20260707,BUY,89.22630137,19000000,0,17.40%,0,18-02-27,NGN,Bond Interest
FGN 2035 Bond,20260722,BUY,129.1054134,5000000,0,22.60%,6,29-01-35,NGN,Bond Interest
FGN 2037 bond,20260722,BUY,94.68452022,5000000,0,16.25%,6,18-04-37,NGN,Bond Interest
NIGTB 15/07/2027,20260724,BUY,83.17534247,5000000,0,17.25%,0,15-07-27,NGN,Bond Interest
FGN 2038 Bond,20260727,BUY,90.22253413,5000000,0,15.45%,6,21-06-38,NGN,Bond Interest
NIGTB 15/07/2027,20260727,BUY,83.36547945,10000000,0,17.20%,0,15-07-27,NGN,Bond Interest
FGN 2037 bond,20260728,BUY,97.50426202,5000000,0,16.25%,6,18-04-37,NGN,Bond Interest
FGN 2035 Bond,20260728,BUY,132.2732411,5000000,0,22.60%,6,29-01-35,NGN,Bond Interest
NIGTB 29/07/2027,20260731,BUY,83.1229863,30000000,0,16.97%,0,29-07-27,NGN,Bond Interest
NIGTB 29/07/2027,20260803,BUY,83.25260274,30000000,0,16.98%,0,29-07-27,NGN,Bond Interest
NIGTB 12/08/2027,20260814,BUY,82.79479452,20000000,0,17.30%,0,12-08-27,NGN,Bond Interest
NIGTB 12/08/2027,20260814,BUY,82.79479452,10000000,0,17.30%,0,12-08-27,NGN,Bond Interest
NIGTB 12/08/2027,20260814,BUY,82.79479452,10000000,0,17.30%,0,12-08-27,NGN,Bond Interest
NIGTB 12/08/2027,20260817,BUY,82.9369863,20000000,0,17.30%,0,12-08-27,NGN,Bond Interest
FGN 2038 Bond,20260819,BUY,91.0145494,20000000,0,17.79%,6,21-06-38,NGN,Bond Interest
NIGTB 12/08/2027,20260820,BUY,83.21610959,10000000,0,17.16%,0,12-08-27,NGN,Bond Interest
NIGTB 12/08/2027,20260820,BUY,83.19654795,10000000,0,17.18%,0,12-08-27,NGN,Bond Interest
NIGTB 12/08/2027,20260821,BUY,83.24361644,10000000,0,17.18%,0,12-08-27,NGN,Bond Interest
NIGTB 12/08/2027,20260821,BUY,83.25336986,15000000,0,17.17%,0,12-08-27,NGN,Bond Interest
