SYMB,ED,TRAN,ANUM,BNUM,CNUM,TYPE
AAPL,20230216,BUY,153.4313,484,0,Stock
BITO,20230216,BUY,15.26,5000,0,Stock
MSFT,20230216,BUY,264.0527,275,0,Stock
AAPL,20230320,BUY,156.0226,450,0,Stock
BITO,20230320,BUY,17.1295,4000,0,Stock
MSFT,20230320,BUY,271.16,250,0,Stock
TQQQ,20230607,BUY,17.57853,21000,0,Stock
VIXY,20230607,BUY,118.2,1065,0,Stock
AAPL,20230621,SELL,183.6084,486,0,Stock
MSFT,20230621,SELL,332.9997,152,0,Stock
TQQQ,20230621,SELL,19.43984,21000,0,Stock
VIXY,20230621,SELL,106.7991,1065,0,Stock
ABR,20230726,BUY,16.39,3000,0,Stock
AGNC,20230726,BUY,10.52929,7000,0,Stock
COPX,20230726,BUY,40.58797,1300,0,Stock
OXY,20230726,BUY,62.7694,1000,0,Stock
SSO,20230726,BUY,30.445,16400,0,Stock
ABR,20231027,SELL,12.6901,3000,0,Stock
AGNC,20231027,SELL,7.079943,7000,0,Stock
COPX,20231027,SELL,33.87232,1300,0,Stock
OXY,20231027,SELL,62.25,1000,0,Stock
SSO,20231027,SELL,24.76497,16400,0,Stock
BITX,20231030,BUY,17.15692,35500,0,Stock
BITX,20231207,BUY,25.32,10000,0,Stock
BITX,20231208,BUY,25.94868,9641,0,Stock
GGLL,20231208,BUY,30.5995,8140,0,Stock
MSFU,20231208,BUY,39.43327,6342,0,Stock
BITX,20240110,BUY,27.1642,18500,0,Stock
BITX,20240112,BUY,24.2317,16750,0,Stock
BITX,20240112,BUY,23.58587,21200,0,Stock
BITX,20240117,BUY,22.22651,22250,0,Stock
AAPL,20240212,BUY,187.8668,186,0,Stock
BITO,20240212,SELL,22.96992,9000,0,Stock
GGLL,20240212,SELL,34.34223,1015,0,Stock
MSFT,20240212,SELL,417.9059,373,0,Stock
MSFU,20240212,BUY,46.06791,3350,0,Stock
BITX,20240213,BUY,29.12609,10350,0,Stock
SSO,20240213,BUY,34.91485,5740,0,Stock
BITX,20240220,BUY,52.97,1,0,Stock
BITX,20240220,BUY,33.02742,9091,0,Stock
BITX,20240228,BUY,42.46468,9430,0,Stock
BITX,20240228,BUY,43.73311,9200,0,Stock
BITX,20240229,SELL,43.81575,15000,0,Stock
BITX,20240229,SELL,43.87023,15000,0,Stock
BITX,20240229,SELL,43.86965,15000,0,Stock
BITX,20240229,SELL,43.93275,15000,0,Stock
BITX,20240229,SELL,43.90249,15000,0,Stock
BITX,20240229,SELL,43.93135,20000,0,Stock
BITX,20240229,SELL,43.94842,20000,0,Stock
BITX,20240229,SELL,43.93162,20000,0,Stock
BITX,20240229,SELL,43.92762,20000,0,Stock
BITX,20240229,SELL,43.94134,16913,0,Stock
BITX,20240304,BUY,49.93858,20000,0,Stock
BITX,20240304,BUY,50.11,20000,0,Stock
BITX,20240304,BUY,50.37153,20000,0,Stock
BITX,20240304,BUY,50.22,20000,0,Stock
BITX,20240304,BUY,50.12533,20000,0,Stock
GGLL,20240304,SELL,29.11977,7125,0,Stock
SSO,20240304,BUY,37.26985,5378,0,Stock
BITX,20240308,BUY,52.67,15000,0,Stock
BITX,20240308,BUY,52.72824,15000,0,Stock
BITX,20240308,BUY,52.86433,15000,0,Stock
BITX,20240308,BUY,51.26983,10000,0,Stock
COIN,20240308,BUY,262.31,100,0,Stock
EETH,20240308,BUY,89.92,100,0,Stock
MARA,20240308,BUY,24.52966,1000,0,Stock
RIOT,20240308,BUY,12.769,1000,0,Stock
TNA,20240308,BUY,42.979,100,0,Stock
URTY,20240308,BUY,50.3864,100,0,Stock
UWM,20240308,BUY,40.74,100,0,Stock
XMMO,20240308,BUY,114.17,1000,0,Stock
XMTR,20240308,BUY,18.4261,1000,0,Stock
SMH,20240321,BUY,229.6285,500,0,Stock
SOXL,20240321,BUY,48.4598,2000,0,Stock
XMMO,20240321,BUY,114.8605,2000,0,Stock
XMTR,20240321,SELL,18.42305,1000,0,Stock
BITX,20240416,SELL,40.25781,20000,0,Stock
BITX,20240416,SELL,40.19993,20000,0,Stock
BITX,20240416,SELL,40.13731,20000,0,Stock
BITX,20240416,SELL,40.04644,20000,0,Stock
BITX,20240416,SELL,39.78503,20000,0,Stock
BITX,20240416,SELL,39.79763,20000,0,Stock
BITX,20240416,SELL,39.73916,20000,0,Stock
BITX,20240418,BUY,40.07874,20000,0,Stock
BITX,20240418,BUY,41.56107,10000,0,Stock
BITX,20240418,BUY,40.02,10000,0,Stock
BITX Call1,20240418,BUY,781.2769,200,0,Stock
BITX Call2,20240418,BUY,1001.277,10,0,Stock
BITX,20240422,BUY,44.32,20000,0,Stock
BITX,20240422,BUY,44.07,10000,0,Stock
BITX,20240422,BUY,44.52,10000,0,Stock
SOXL,20240422,BUY,31.82,1000,0,Stock
SOXL,20240422,BUY,31.02,1000,0,Stock
BITX,20240423,SELL,44.75459,20000,0,Stock
BITX,20240424,BUY,42.7498,5000,0,Stock
BITX,20240424,BUY,42.82,5000,0,Stock
BITX,20240424,BUY,42.72,5000,0,Stock
BITX,20240424,BUY,42.62,5000,0,Stock
BITX,20240424,BUY,42.41,5000,0,Stock
AAPL,20240501,SELL,169.6491,634,0,Stock
BITX,20240501,SELL,32.58056,20000,0,Stock
BITX,20240501,SELL,32.55465,20000,0,Stock
BITX,20240501,SELL,32.52986,20000,0,Stock
BITX,20240501,SELL,32.70701,20000,0,Stock
BITX,20240501,SELL,33.44477,20000,0,Stock
BITX,20240501,BUY,33.2119,20000,0,Stock
BITX,20240501,BUY,33.2498,20000,0,Stock
BITX,20240501,BUY,33.3393,20000,0,Stock
BITX,20240501,BUY,33.60395,20000,0,Stock
BITX,20240501,BUY,33.6118,20000,0,Stock
BITX,20240501,BUY,33.71735,20000,0,Stock
COIN,20240501,SELL,203.1543,100,0,Stock
EETH,20240501,SELL,62.2573,100,0,Stock
MARA,20240501,SELL,15.87015,1000,0,Stock
MSFU,20240501,BUY,39.99355,20000,0,Stock
RIOT,20240501,SELL,10.08001,1000,0,Stock
SMH,20240501,SELL,211.7726,500,0,Stock
SSO,20240501,SELL,35.23098,11118,0,Stock
TNA,20240501,SELL,33.7707,100,0,Stock
URTY,20240501,SELL,39.8816,100,0,Stock
BITX,20240503,SELL,37.8797,20000,0,Stock
BITX,20240503,SELL,37.88724,20000,0,Stock
BITX,20240503,SELL,37.83739,20000,0,Stock
BITX,20240503,SELL,37.84927,20000,0,Stock
BITX,20240506,SELL,39.59796,20000,0,Stock
SPMO,20240506,BUY,78.79,10000,0,Stock
XMMO,20240506,BUY,113.9086,8000,0,Stock
BITX,20240508,BUY,38.42915,20000,0,Stock
SOXL,20240508,BUY,39.68947,10000,0,Stock
SOXL,20240508,BUY,39.12511,10000,0,Stock
TSLS,20240508,BUY,24.3,10000,0,Stock
UWM,20240516,SELL,39.3396,100,0,Stock
BITX,20240517,BUY,43.17865,10000,0,Stock
YINN,20240517,BUY,32.57031,10000,0,Stock
INDL,20240605,BUY,63.5037,1000,0,Stock
SPMO,20240605,BUY,83.27195,10000,0,Stock
SPMO,20240605,BUY,83.367,5000,0,Stock
XMMO,20240605,SELL,112.6007,5000,0,Stock
XMMO,20240605,SELL,112.6178,6000,0,Stock
BITX,20240612,SELL,45.17382,15000,0,Stock
GGLL,20240612,BUY,45.12133,7000,0,Stock
METU,20240612,BUY,28.49434,15000,0,Stock
BITX,20240613,SELL,40.56921,20000,0,Stock
TSLS,20240613,SELL,22.87936,10000,0,Stock
BITX,20240614,SELL,39.6389,15000,0,Stock
SCC,20240614,BUY,31.17258,15500,0,Stock
SOXL,20240614,SELL,59.66867,7000,0,Stock
TSLZ,20240614,BUY,612.6,1000,0,Stock
YINN,20240614,SELL,23.2398,10000,0,Stock
BITX Call1,20240617,SELL,0,200,0,Stock
BITX Call2,20240617,SELL,298.714,10,0,Stock
GGLL,20240617,SELL,45.55085,7000,0,Stock
INDL,20240617,SELL,68.93928,1000,0,Stock
METU,20240617,SELL,27.33397,5000,0,Stock
METU,20240617,SELL,28.3558,10000,0,Stock
MSFU,20240617,SELL,49.23341,14691,0,Stock
MSFU,20240617,SELL,49.32863,15000,0,Stock
SOXL,20240617,SELL,59.47835,8000,0,Stock
SOXL,20240617,SELL,59.53872,9000,0,Stock
SPMO,20240617,SELL,87.55757,10000,0,Stock
HYGH,20240618,BUY,105.07,1,0,Stock
HYGH,20240618,BUY,84.72,1397,0,Stock
IDRV,20240618,BUY,31,8,0,Stock
IDRV,20240618,BUY,28.71,5000,0,Stock
IDRV,20240618,BUY,28.84,4992,0,Stock
SCC,20240618,SELL,30.15258,300.5,0,Stock
SCC,20240618,SELL,30.06056,250,0,Stock
SCC,20240618,SELL,29.94109,101,0,Stock
SMH,20240618,BUY,276.6985,1000,0,Stock
SOXL,20240618,BUY,66.08883,12000,0,Stock
SOXL,20240618,BUY,66.02,12000,0,Stock
SPMO,20240618,BUY,88.57,10000,0,Stock
SPMO,20240618,BUY,88.42,10000,0,Stock
SPXS,20240618,BUY,78.7,6000,0,Stock
SPXS,20240618,BUY,78.6,6000,0,Stock
TSLZ,20240618,SELL,568.7982,350,0,Stock
JPST,20240620,BUY,50.43995,10000,0,Stock
SCC,20240620,SELL,30.11916,6787.5,0,Stock
SOXL,20240620,SELL,63.46219,15000,0,Stock
SOXL,20240620,SELL,62.39309,9000,0,Stock
SPMO,20240620,SELL,87.78771,10000,0,Stock
SPMO,20240620,SELL,87.79017,10000,0,Stock
SPMO,20240620,SELL,87.97548,10000,0,Stock
SPXS,20240620,SELL,78.45828,12000,0,Stock
TSLZ,20240620,SELL,588.6667,650,0,Stock
HYGH,20240621,BUY,85.22407,10000,0,Stock
HYGH,20240621,BUY,85.17,10000,0,Stock
HYGH,20240621,BUY,85.17,10000,0,Stock
HYGH,20240621,BUY,85.14,10000,0,Stock
HYGH,20240621,BUY,85.12,3700,0,Stock
HYGH,20240621,BUY,85.07857,700,0,Stock
JPST,20240621,BUY,50.45818,18000,0,Stock
JPST,20240621,BUY,50.44571,18000,0,Stock
SCC,20240621,SELL,29.79917,8061,0,Stock
SMH,20240621,SELL,265.0661,1000,0,Stock
SPMO,20240621,SELL,87.22841,5000,0,Stock
HYGH,20240624,BUY,85.18,10000,0,Stock
HYGH,20240624,BUY,85.15,10000,0,Stock
HYGH,20240624,BUY,85.12,10000,0,Stock
HYGH,20240624,BUY,85.1,400,0,Stock
JPST,20240624,BUY,50.46,2410,0,Stock
IDRV,20240627,SELL,28.8464,10000,0,Stock
HYGH,20240628,BUY,85.17,10000,0,Stock
HYGH,20240628,BUY,85.15,10000,0,Stock
JPST,20240702,SELL,50.2586,17000,0,Stock
JPST,20240702,SELL,50.2586,17000,0,Stock
JPST,20240702,SELL,50.2586,14410,0,Stock
SBIT,20240709,BUY,244.4273,1000,0,Stock
EWT,20240716,BUY,56.2397,2000,0,Stock
SBIT,20240716,SELL,187.9948,1000,0,Stock
SVIX,20240716,BUY,50.05829,2000,0,Stock
SVIX,20240717,SELL,47.49298,2000,0,Stock
AAPU,20240726,BUY,34.32991,10000,0,Stock
AMZU,20240726,BUY,32.35987,10000,0,Stock
GGLL,20240726,BUY,38.28,10000,0,Stock
GGLL,20240726,BUY,38.96,10000,0,Stock
HYGH,20240726,SELL,85.52762,2852,0,Stock
HYGH,20240726,SELL,85.51825,4600,0,Stock
HYGH,20240726,SELL,85.47895,1009,0,Stock
HYGH,20240726,SELL,84.194,15,0,Stock
IWM,20240726,BUY,222.4291,500,0,Stock
MSFU,20240726,BUY,43.6094,5000,0,Stock
MSFU,20240726,BUY,43.61498,5000,0,Stock
SOXL,20240726,BUY,41.74,10000,0,Stock
SOXL,20240726,BUY,42.109,10000,0,Stock
SPMO,20240726,BUY,84.87861,5000,0,Stock
SVIX,20240726,SELL,42.19883,5000,0,Stock
SVIX,20240726,BUY,42.53396,5000,0,Stock
SVIX,20240726,BUY,42.37,10000,0,Stock
XSMO,20240726,BUY,66.42597,5000,0,Stock
BITX,20240729,BUY,38.31806,10000,0,Stock
HYGH,20240729,SELL,85.28725,10000,0,Stock
HYGH,20240729,SELL,85.28311,10000,0,Stock
HYGH,20240731,SELL,85.25768,69,0,Stock
HYGH,20240731,SELL,85.50862,2522,0,Stock
HYGH,20240731,SELL,85.45762,1195,0,Stock
EWT,20240801,SELL,52.14885,2000,0,Stock
HYGH,20240801,SELL,85.02827,10000,0,Stock
SOXL,20240801,BUY,39.08,10000,0,Stock
SPMO,20240801,BUY,85.31896,5000,0,Stock
SVIX,20240801,BUY,41.05611,5000,0,Stock
TQQQ,20240801,BUY,32.93,20000,0,Stock
AAPU,20240802,BUY,34.8798,10000,0,Stock
AMZN,20240802,BUY,167.1795,4000,0,Stock
GGLL,20240802,BUY,38.81531,10000,0,Stock
IWM,20240802,SELL,207.5755,500,0,Stock
META,20240802,BUY,485.7972,1500,0,Stock
SOXL,20240802,SELL,29.71917,15000,0,Stock
SOXL,20240802,SELL,28.5892,15000,0,Stock
SVIX,20240802,SELL,32.82327,7000,0,Stock
TQQQ,20240802,SELL,28.68061,10000,0,Stock
XSMO,20240802,SELL,61.76123,5000,0,Stock
AAPU,20240805,SELL,31.16913,20000,0,Stock
AMZN,20240805,SELL,158.8301,4000,0,Stock
AMZU,20240805,SELL,24.62294,10000,0,Stock
BITX,20240805,SELL,22.56937,10000,0,Stock
GGLL,20240805,SELL,36.099,25000,0,Stock
GGLL,20240805,SELL,36.18216,4999,0,Stock
META,20240805,SELL,468.0816,1500,0,Stock
MSFU,20240805,SELL,37.99894,10001,0,Stock
SPMO,20240805,SELL,79.68538,10000,0,Stock
SVIX,20240805,BUY,26.15,15000,0,Stock
SVIX,20240805,BUY,23.27932,10000,0,Stock
SVIX,20240805,BUY,22.02,20000,0,Stock
SVIX,20240805,BUY,21.02,20000,0,Stock
SVIX,20240805,BUY,19.518,10000,0,Stock
TQQQ,20240805,SELL,26.59436,10000,0,Stock
GGLL,20240806,BUY,35.3288,10000,0,Stock
GGLL,20240806,BUY,35.3592,10000,0,Stock
GGLL,20240806,SELL,34.95812,20000,0,Stock
SVIX,20240806,BUY,23.55571,20000,0,Stock
SVIX,20240806,BUY,22.28556,20000,0,Stock
SVIX,20240806,SELL,23.1264,30000,0,Stock
SVIX,20240806,SELL,23.09937,20000,0,Stock
SVIX,20240806,SELL,23.07022,35000,0,Stock
SVIX,20240806,SELL,22.8305,18000,0,Stock
AMZN,20240807,BUY,165.4489,2000,0,Stock
AMZN,20240807,SELL,162.5063,2000,0,Stock
GGLL,20240807,SELL,15.82,1,0,Stock
META,20240807,BUY,496.1664,500,0,Stock
META,20240807,BUY,494.97,500,0,Stock
META,20240807,SELL,496.7616,500,0,Stock
META,20240807,SELL,490.7399,500,0,Stock
SVIX,20240807,SELL,22.46585,20000,0,Stock
TQQQ,20240807,BUY,28.51498,20000,0,Stock
TQQQ,20240807,SELL,28.00422,20000,0,Stock
SPMO,20240813,BUY,85.32,5000,0,Stock
SOXL,20240814,BUY,35.04,10000,0,Stock
SPMO,20240814,BUY,86.31,5000,0,Stock
SOXL,20240815,BUY,39.4,10000,0,Stock
SPMO,20240815,BUY,88.12996,10000,0,Stock
HYGH,20240819,SELL,85.02124,2861,0,Stock
HYGH,20240819,SELL,84.97987,7139,0,Stock
HYGH,20240819,SELL,84.93764,10000,0,Stock
SOXL,20240819,BUY,40.96,10000,0,Stock
SPMO,20240819,BUY,89.06,10000,0,Stock
GGLL,20240820,BUY,39.0967,10000,0,Stock
HYGH,20240820,SELL,85.12857,10000,0,Stock
HYGH,20240823,SELL,85.28881,10000,0,Stock
SPMO,20240823,BUY,90.01639,10000,0,Stock
GGLL,20240828,SELL,36.63908,10000,0,Stock
SOXL,20240828,SELL,36.89025,15000,0,Stock
SOXL,20240828,SELL,36.63898,5000,0,Stock
SPMO,20240905,BUY,86.14753,4650,0,Stock
HYGH,20241009,SELL,85.8632,5936,0,Stock
HYGH,20241009,SELL,85.8445,8000,0,Stock
SOXL,20241009,SELL,38.16894,10000,0,Stock
IBIT,20241111,BUY,48.19278,2759,0,Stock
IBIT,20241112,BUY,49.46407,2366,0,Stock
SPMO,20241112,SELL,96.71838,1218,0,Stock
IBIT,20241118,BUY,51.4393,3895,0,Stock
IBIT,20241120,BUY,53.52,10280,0,Stock
IBIT,20241202,BUY,54.57,2770,0,Stock
IBIT,20241209,BUY,55.52,2703,0,Stock
IBIT,20241227,BUY,54.78,1830,0,Stock
IBIT,20250108,BUY,52.9791,1860,0,Stock
SPMO,20250108,BUY,96.35,1041,0,Stock
SPMO,20250108,SELL,96.28788,2081,0,Stock
SPMO,20250108,SELL,96.42792,2076,0,Stock
SPMO,20250205,SELL,101.1184,5379,0,Stock
SPMO,20250221,SELL,101.7598,8587,0,Stock
IBIT,20250307,SELL,49.68888,11859,0,Stock
IBIT,20250307,SELL,49.62964,11859,0,Stock
IBIT,20250307,SELL,49.75861,3382,0,Stock
SPMO,20250307,SELL,92.8219,10385,0,Stock
SPMO,20250307,SELL,92.74658,10385,0,Stock
IBIT,20250311,SELL,47.16039,1363,0,Stock
SPMO,20250311,SELL,92.77892,5580,0,Stock
UGL,20250808,BUY,36.9699,4734,0,Stock
UGL,20250808,BUY,36.54659,744,0,Stock
UGL,20250813,BUY,35.3787,4244,0,Stock
UGL,20250815,BUY,34.84,7172,0,Stock
UGL,20250819,BUY,34.4497,3628,0,Stock
IBIT,20250822,BUY,66.2698,3772,0,Stock
SPMO,20250822,BUY,116.8698,8555,0,Stock
IBIT,20250916,SELL,65.5429,3772,0,Stock
SPMO,20250916,SELL,120.84,8000,0,Stock
SPMO,20250916,SELL,120.809,555,0,Stock
IAU,20250926,BUY,71.005,5637,0,Stock
IAU,20251003,BUY,73.0797,4927,0,Stock
IAU,20251010,BUY,75.135,3994,0,Stock
IAU,20251014,SELL,77.9202,6420,0,Stock
IAU,20251014,BUY,77.83694,350,0,Stock
IAU,20251014,BUY,77.8999,6420,0,Stock
UGL,20251014,BUY,52.69344,9502,0,Stock
UGL,20251015,BUY,54.1298,9242,0,Stock
UGL,20251017,BUY,55.2297,4520,0,Stock
UGL,20251017,BUY,55.1591,2000,0,Stock
UGL,20251017,BUY,55.4594,2500,0,Stock
IAU,20251021,BUY,77.5424,108,0,Stock
IAU,20251022,SELL,76.09093,8198,0,Stock
IAU,20251022,SELL,75.97,6818,0,Stock
UGL,20251022,SELL,50.26019,16095,0,Stock
UGL,20251022,SELL,49.80005,16000,0,Stock
UGL,20251022,SELL,49.79358,16191,0,Stock
IAU,20251111,BUY,77.5092,3872,0,Stock
IAU,20251112,BUY,77.985,3850,0,Stock
IAU,20251113,BUY,79.2596,3780,0,Stock
IBIT,20251201,BUY,47.98635,937,0,Stock
IBIT,20251202,SELL,50.3102,937,0,Stock
BITI,20251205,BUY,22.89974,13100,0,Stock
GDX,20251205,BUY,81.585,3674,0,Stock
UGL,20251205,BUY,53.5997,5603,0,Stock
IAU,20260109,BUY,84.8978,5899,0,Stock
NUGT,20260109,BUY,212.85,1178,0,Stock
UGL,20260109,BUY,60.22904,4150,0,Stock
AMZN,20260115,BUY,238.4173,523,0,Stock
ASAN,20260115,SELL,11.59115,7690,0,Stock
COPX,20260115,BUY,82.48,1515,0,Stock
CRM,20260115,SELL,231.8069,344,0,Stock
DOCU,20260115,SELL,60.351,1320,0,Stock
GOOGL,20260115,BUY,332.7364,752,0,Stock
HOOD,20260115,SELL,115.43,1080,0,Stock
HOOD,20260115,BUY,115.66,2160,0,Stock
KORU,20260115,SELL,270.2692,90,0,Stock
KORU,20260115,BUY,270.7534,461,0,Stock
NUGT,20260115,BUY,233.2023,536,0,Stock
SPXS,20260115,BUY,33.755,2962,0,Stock
UGL,20260115,BUY,63.2999,3948,0,Stock
YELP,20260115,SELL,28.7911,8650,0,Stock
EET,20260126,BUY,94.0195,2661,0,Stock
KORU,20260126,BUY,314.4806,796,0,Stock
GDX,20260128,SELL,109.1203,3674,0,Stock
NUGT,20260128,SELL,296.215,1714,0,Stock
UGL,20260128,SELL,82.4726,8000,0,Stock
UGL,20260128,SELL,82.4701,5701,0,Stock
ARKW,20260202,SELL,134.7913,888,0,Stock
ASAN,20260202,SELL,9.880684,4242,0,Stock
CRM,20260202,SELL,210.6808,223,0,Stock
DOCU,20260202,SELL,51.98967,960,0,Stock
DXJ,20260202,BUY,153.6505,976,0,Stock
EWS,20260202,BUY,28.2499,5315,0,Stock
IAU,20260202,SELL,88.63,8850,0,Stock
KORU,20260202,SELL,335.4957,583,0,Stock
MNDY,20260202,SELL,113.3498,527,0,Stock
PEGA,20260202,SELL,43.4804,1363,0,Stock
UAE,20260202,BUY,20.9698,7160,0,Stock
WDAY,20260202,SELL,173.3774,347,0,Stock
XHB,20260202,SELL,109.1405,1098,0,Stock
YELP,20260202,BUY,27.4198,6424,0,Stock
AMZN,20260203,BUY,238.1196,1049,0,Stock
ASAN,20260203,SELL,9.1401,27231,0,Stock
DOCU,20260203,SELL,46.1,5413,0,Stock
ETHD,20260203,BUY,73.249,2737,0,Stock
ETHD,20260203,BUY,73.4256,2052,0,Stock
GOOGL,20260203,BUY,340.4627,734,0,Stock
HOOD,20260203,SELL,86.1503,1080,0,Stock
SQQQ,20260203,BUY,68.3399,4391,0,Stock
TNA,20260203,BUY,53.8599,5578,0,Stock
BITI,20260204,SELL,26.57106,13100,0,Stock
BTCZ,20260204,BUY,5.58,62589,0,Stock
DXJ,20260204,BUY,160.4086,1558,0,Stock
EET,20260204,BUY,93.13227,2633,0,Stock
EFV,20260204,BUY,77.6598,3858,0,Stock
EWT,20260204,BUY,68.9,2902,0,Stock
EWW,20260204,BUY,78.21,2556,0,Stock
EWY,20260204,BUY,123.095,2438,0,Stock
EWZ,20260204,BUY,37.255,5365,0,Stock
EZA,20260204,BUY,73.66,2714,0,Stock
KORU,20260204,SELL,352.9258,584,0,Stock
SPXS,20260204,SELL,34.5601,2962,0,Stock
SQQQ,20260204,BUY,69.86,7160,0,Stock
SQQQ,20260204,BUY,70.8599,5420,0,Stock
XLB,20260204,BUY,51.67729,3869,0,Stock
XLU,20260204,BUY,43.157,4635,0,Stock
AMZN,20260205,SELL,224.94,1572,0,Stock
ARKW,20260205,SELL,119.5798,1670,0,Stock
BTCZ,20260205,BUY,6.47,39100,0,Stock
COPX,20260205,SELL,82.3054,1515,0,Stock
CRM,20260205,SELL,193.5981,1032,0,Stock
DDOG,20260205,SELL,111.5376,894,0,Stock
DUST,20260205,BUY,5.71,17460,0,Stock
ETHD,20260205,BUY,93.315,2667,0,Stock
GOOGL,20260205,SELL,312.36,1486,0,Stock
IAU,20260205,SELL,90.98035,5674,0,Stock
MNDY,20260205,SELL,98.67,2022,0,Stock
PEGA,20260205,SELL,38.52,5175,0,Stock
TEAM,20260205,SELL,104.3191,956,0,Stock
XLB,20260205,BUY,50.66018,986,0,Stock
XLI,20260205,BUY,168.575,1186,0,Stock
XLP,20260205,BUY,86.7199,5766,0,Stock
XLU,20260205,BUY,43.0499,1162,0,Stock
YELP,20260205,SELL,24.18,4129,0,Stock
ZSL,20260205,BUY,2.7097,37440,0,Stock
ZSL,20260205,BUY,2.6898,36890,0,Stock
ZSL,20260205,SELL,2.675,36890,0,Stock
ARKW,20260211,BUY,125.345,2558,0,Stock
BTCZ,20260211,SELL,6.035,50000,0,Stock
DUST,20260211,SELL,4.4403,17460,0,Stock
EFO,20260211,BUY,75.87,1000,0,Stock
ETHD,20260211,SELL,89.7107,3700,0,Stock
XHB,20260211,BUY,120.3,1098,0,Stock
ZSL,20260211,SELL,2.155,37440,0,Stock
DXJ,20260213,SELL,166.7417,1200,0,Stock
EWW,20260213,SELL,81.0002,2556,0,Stock
EWY,20260213,SELL,133.73,1000,0,Stock
EWZ,20260213,SELL,38.0302,5365,0,Stock
EZA,20260213,SELL,75.25,2714,0,Stock
IAU,20260213,BUY,94.7197,2000,0,Stock
TEAM,20260213,SELL,84.255,2000,0,Stock
TNA,20260213,SELL,53.7119,2000,0,Stock
DDOG,20260217,BUY,122.9924,894,0,Stock
DXJ,20260217,SELL,164.3289,900,0,Stock
EET,20260217,SELL,97.62292,4500,0,Stock
EWT,20260217,SELL,72.275,2500,0,Stock
EWY,20260217,SELL,131.35,1300,0,Stock
IAU,20260217,SELL,91.825,6000,0,Stock
PEGA,20260217,BUY,44.9198,6538,0,Stock
TNA,20260217,SELL,53.75,3578,0,Stock
YELP,20260217,SELL,20.56,6355,0,Stock
DXJ,20260219,SELL,165.7123,434,0,Stock
EET,20260219,SELL,98.02542,794,0,Stock
EFO,20260219,SELL,73.58,1000,0,Stock
EFV,20260219,SELL,78.3203,3858,0,Stock
ETHD,20260219,SELL,90.31177,3756,0,Stock
EWS,20260219,SELL,28.9,5315,0,Stock
UAE,20260219,SELL,21.67,3500,0,Stock
XLI,20260219,BUY,176.305,3000,0,Stock
XLI,20260219,BUY,176.3097,3000,0,Stock
XLP,20260219,SELL,87.5101,5766,0,Stock
IAU,20260223,BUY,98.14,5873,0,Stock
EEM,20260224,BUY,62.66812,10000,0,Stock
ASAN,20260224,SELL,6.98513,20000,0,Stock
MNDY,20260224,SELL,75.3,1500,0,Stock
CRM,20260224,SELL,185.4635,700,0,Stock
DOCU,20260224,SELL,42.7719,2500,0,Stock
TEAM,20260224,SELL,71.07,1500,0,Stock
YELP,20260224,SELL,19.76377,6000,0,Stock
EDC,20260224,BUY,79.65686,3500,0,Stock
KORU,20260224,BUY,554.73,500,0,Stock
XLU,20260224,SELL,47.2011,5797,0,Stock
XLB,20260224,SELL,53.4013,4855,0,Stock
XLI,20260224,SELL,177.155,1186,0,Stock
XLI,20260224,SELL,177.03,3000,0,Stock
XLI,20260224,SELL,177.0224,3000,0,Stock
UGL,20260226,BUY,77.1297,5000,0,Stock
ASAN,20260227,BUY,7.129111,59163,0,Stock
AGQ,20260227,BUY,193.3189,1000,0,Stock
AGQ,20260227,BUY,193.2298,1000,0,Stock
IAU,20260227,BUY,99.1299,4000,0,Stock
IAU,20260227,BUY,99.1199,4000,0,Stock
IAU,20260227,BUY,99.08497,4000,0,Stock
GDXU,20260227,BUY,467.6879,500,0,Stock
AGQ,20260227,BUY,188.3582,1000,0,Stock
COPX,20260227,BUY,96.18677,5000,0,Stock
SQQQ,20260302,SELL,70.5101,7000,0,Stock
SQQQ,20260302,SELL,70.415,7000,0,Stock
EDC,20260302,SELL,74.94,3500,0,Stock
KORU,20260302,SELL,588.185,500,0,Stock
DOCU,20260302,BUY,46.08238,10193,0,Stock
BTCZ,20260302,SELL,5.44,51689,0,Stock
CRM,20260302,BUY,192.83,2299,0,Stock
WDAY,20260302,BUY,134.3276,347,0,Stock
TEAM,20260302,BUY,74.35,4456,0,Stock
MNDY,20260302,BUY,71.43,4049,0,Stock
GDXU,20260303,SELL,347.3184,500,0,Stock
EWT,20260303,SELL,71.21214,402,0,Stock
UAE,20260303,SELL,19.6501,3660,0,Stock
EWY,20260303,SELL,132.3901,138,0,Stock
COPX,20260303,SELL,86.60274,5000,0,Stock
AGQ,20260303,SELL,147.9354,3000,0,Stock
UGL,20260304,SELL,75.2201,5000,0,Stock
SQQQ,20260304,SELL,69.4316,2971,0,Stock
YELP,20260304,BUY,23.78575,18710,0,Stock
EEM,20260304,SELL,59.1109,10000,0,Stock
SPDN,20260305,BUY,9.5898,15000,0,Stock
PSQ,20260305,BUY,30.8199,5000,0,Stock
EUM,20260305,BUY,19.17824,8000,0,Stock
RWM,20260305,BUY,15.85,10000,0,Stock
IAU,20260306,BUY,97.0197,5000,0,Stock
IAU,20260306,BUY,97.0698,5000,0,Stock
RWM,20260306,BUY,16.175,10000,0,Stock
PSQ,20260306,BUY,30.9798,5000,0,Stock
KORU,20260309,BUY,401.2955,1000,0,Stock
EUM,20260309,SELL,18.7707,8000,0,Stock
SPDN,20260309,SELL,9.5801,15000,0,Stock
PSQ,20260309,SELL,30.785,10000,0,Stock
RWM,20260309,SELL,15.95,20000,0,Stock
TZA,20260310,BUY,6.845,50000,0,Stock
IAU,20260310,SELL,97.665,5000,0,Stock
IAU,20260310,SELL,97.6602,5000,0,Stock
WDAY,20260310,SELL,141.59,1000,0,Stock
TEAM,20260310,SELL,78.2415,2000,0,Stock
MNDY,20260310,SELL,77.39805,2000,0,Stock
ASAN,20260310,SELL,7.231323,20000,0,Stock
DOCU,20260310,SELL,48.480124,5000,0,Stock
YELP,20260310,SELL,24.135,10000,0,Stock
KORU,20260310,SELL,403.46,250,0,Stock
KORU,20260310,SELL,405.33,250,0,Stock
KORU,20260310,SELL,390.1118,500,0,Stock
UVIX,20260312,BUY,8.5798,10000,0,Stock
XLE,20260312,BUY,57.56904,8000,0,Stock
UVIX,20260312,BUY,8.52,10000,0,Stock
UVIX,20260312,BUY,8.5098,10000,0,Stock
WDAY,20260312,SELL,134.562,1000,0,Stock
YELP,20260312,SELL,24.2103,6000,0,Stock
TEAM,20260312,SELL,74.49,2000,0,Stock
MNDY,20260312,SELL,73.82,2000,0,Stock
DOCU,20260312,SELL,46.8702,2500,0,Stock
ASAN,20260312,SELL,6.8403,20000,0,Stock
TZA,20260317,SELL,6.9001,50000,0,Stock
UVIX,20260317,SELL,7.135,30000,0,Stock
ASAN,20260317,BUY,7.00817625,40000,0,Stock
DOCU,20260317,BUY,47.90854667,7500,0,Stock
WDAY,20260317,BUY,137.1186,2000,0,Stock
TEAM,20260317,BUY,75.875,4000,0,Stock
IAU,20260319,SELL,87.1802,5000,0,Stock
IAU,20260319,SELL,87.235,5000,0,Stock
IAU,20260319,SELL,87.193664,5000,0,Stock
KORU,20260319,BUY,395.6437,1000,0,Stock
EDZ,20260319,BUY,29.48239925,13400,0,Stock
XLE,20260319,BUY,59.3997,8000,0,Stock
XLE,20260319,BUY,59.3986,5000,0,Stock
MNDY,20260319,BUY,74.99,4000,0,Stock
XLE,20260320,SELL,59.3503,2000,0,Stock
KORU,20260320,SELL,332.105,1000,0,Stock
EDZ,20260320,SELL,32.45285522,13400,0,Stock
IAU,20260320,SELL,85.8801,3000,0,Stock
IAU,20260320,SELL,84.78,1000,0,Stock
XLE,20260320,SELL,59.41,7000,0,Stock
XLE,20260320,SELL,59.44,7000,0,Stock
XLE,20260320,SELL,59.475,5000,0,Stock
XLE,20260320,SELL,59.4102,2000,0,Stock
SPDN,20260320,BUY,10.045,10000,0,Stock
XLE,20260320,BUY,59.3298,2000,0,Stock
UVIX,20260323,BUY,8.5,50000,0,Stock
ASAN,20260324,SELL,6.4907662,50000,0,Stock
XHB,20260324,SELL,99.7008,1000,0,Stock
IAU,20260324,BUY,82.7898,4000,0,Stock
XLE,20260324,BUY,60.799035,2000,0,Stock
XLE,20260324,BUY,60.785,8000,0,Stock
ASAN,20260324,BUY,6.270672,25000,0,Stock
GOOGL,20260324,SELL,290.4701,500,0,Stock
DOCU,20260325,SELL,46.07494625,8000,0,Stock
CRM,20260325,SELL,180.950015,2000,0,Stock
WDAY,20260325,SELL,127.4301,2600,0,Stock
XLE,20260325,BUY,60.5697,8000,0,Stock
XLE,20260325,BUY,60.58,8000,0,Stock
XLE,20260325,BUY,60.5699,8000,0,Stock
XLE,20260325,BUY,60.5796275,8000,0,Stock
XLE,20260326,BUY,61.55871625,8000,0,Stock
ERX,20260326,BUY,104.2538575,4000,0,Stock
ERX,20260326,BUY,104.26,4800,0,Stock
ERX,20260326,BUY,104.1693,4800,0,Stock
ETHD,20260326,SELL,66.18439429,7000,0,Stock
AAPL,20260326,SELL,252.8502267,1500,0,Stock
AAPL,20260326,SELL,252.7830333,1500,0,Stock
XHB,20260326,BUY,98.129,1000,0,Stock
WTIU,20260326,BUY,43.65,1,0,Stock
SPDN,20260326,SELL,9.9805,10000,0,Stock
UVIX,20260326,SELL,9.19011,50000,0,Stock
TEAM,20260326,SELL,67.619112,5000,0,Stock
ETHD,20260326,BUY,67.2798,7000,0,Stock
IAU,20260326,SELL,82.4002,5000,0,Stock
AAPL,20260326,SELL,253.6217143,1400,0,Stock
SQQQ,20260327,SELL,87.0602,4000,0,Stock
SQQQ,20260327,BUY,85.745,4000,0,Stock
SQQQ,20260327,BUY,87.84,5000,0,Stock
SQQQ,20260327,BUY,87.7898,5000,0,Stock
SQQQ,20260327,BUY,87.8598,5000,0,Stock
GOOGL,20260327,BUY,275.84,500,0,Stock
AAPL,20260327,BUY,252.18,1800,0,Stock
AAPL,20260327,BUY,252.135,1800,0,Stock
AAPL,20260327,BUY,251.695,800,0,Stock
TEAM,20260327,BUY,64.82,5000,0,Stock
DOCU,20260327,BUY,45.71875,8000,0,Stock
WDAY,20260327,BUY,124.41,2600,0,Stock
ERX,20260327,BUY,107.5022067,4500,0,Stock
ERX,20260327,BUY,107.3791,4500,0,Stock
ERX,20260327,BUY,107.40944,4500,0,Stock
ERX,20260327,BUY,107.47,4500,0,Stock
ERX,20260327,BUY,107.9272289,4500,0,Stock
ERX,20260327,BUY,107.89,4500,0,Stock
ERX,20260327,BUY,107.87,3000,0,Stock
DUST,20260327,BUY,59.485825,8000,0,Stock
DUST,20260327,BUY,60.055,8000,0,Stock
DUST,20260327,BUY,60.355,8000,0,Stock
DUST,20260327,BUY,60.4983,8000,0,Stock
DUST,20260327,BUY,60.46861125,8000,0,Stock
UVIX,20260327,BUY,10.24976133,30000,0,Stock
UVIX,20260327,BUY,10.95631867,45000,0,Stock
UVIX,20260327,BUY,10.99831533,45000,0,Stock
UVIX,20260327,BUY,11.0197,45000,0,Stock
ASAN,20260327,BUY,6.1174448,25000,0,Stock
CRM,20260327,BUY,179.839,2000,0,Stock
YELP,20260327,BUY,24.44206688,16000,0,Stock
WTIU,20260327,SELL,4.86,1,0,Stock
ERX,20260327,SELL,107.65185,4000,0,Stock
ERX,20260327,SELL,107.655,4000,0,Stock
ERX,20260327,SELL,107.6057325,4000,0,Stock
ERX,20260327,SELL,107.68,1600,0,Stock
DUST,20260327,SELL,59.95214286,7000,0,Stock
DUST,20260327,SELL,59.98,7000,0,Stock
DUST,20260327,SELL,60.03,7000,0,Stock
DUST,20260327,SELL,60.03,7000,0,Stock
DUST,20260327,SELL,60.03340286,7000,0,Stock
DUST,20260327,SELL,59.865128,5000,0,Stock
XLE,20260327,SELL,62.54051948,7700,0,Stock
XLE,20260327,SELL,62.54037792,7700,0,Stock
XLE,20260327,SELL,62.545,7700,0,Stock
XLE,20260327,SELL,62.55,7700,0,Stock
XLE,20260327,SELL,62.5202,7600,0,Stock
XLE,20260327,SELL,62.505,7600,0,Stock
XLE,20260327,SELL,62.5501,4000,0,Stock
UVIX,20260327,SELL,10.5236,30000,0,Stock
UVIX,20260327,SELL,10.85092833,30000,0,Stock
DUST,20260331,BUY,53.7296,8000,0,Stock
DUST,20260331,BUY,53.734245,8000,0,Stock
DUST,20260331,BUY,54.1087,8000,0,Stock
DUST,20260331,BUY,54.274245,8000,0,Stock
DUST,20260331,BUY,54.52875,8000,0,Stock
DUST,20260331,BUY,54.4812325,8000,0,Stock
ERX,20260331,SELL,86.86,1,0,Stock
ERX,20260331,SELL,107.8915,4000,0,Stock
ERX,20260331,SELL,107.898365,4000,0,Stock
ERX,20260331,SELL,107.9218,4000,0,Stock
ERX,20260331,SELL,107.7,4000,0,Stock
ERX,20260331,SELL,107.7013375,4000,0,Stock
ERX,20260331,SELL,100.43159,4000,0,Stock
DUST,20260401,SELL,45.47136952,10500,0,Stock
DUST,20260401,SELL,45.46000286,10500,0,Stock
DUST,20260401,SELL,45.59114286,10500,0,Stock
DUST,20260401,SELL,45.4,8000,0,Stock
DUST,20260401,SELL,45.5006,8500,0,Stock
ERX,20260401,SELL,95.070846,5000,0,Stock
ERX,20260401,SELL,95.20048048,999,0,Stock
UVIX,20260401,SELL,8.340692,50000,0,Stock
SQQQ,20260401,SELL,77.16097857,7000,0,Stock
UVIX,20260402,BUY,8.4632788,50000,0,Stock
UVIX,20260402,BUY,8.5499,50000,0,Stock
UVIX,20260402,BUY,8.61316,50000,0,Stock
UVIX,20260402,SELL,8.4448256,50000,0,Stock
UVIX,20260402,SELL,8.4548254,50000,0,Stock
UVIX,20260402,SELL,8.5001,50000,0,Stock
UVIX,20260402,SELL,8.490024545,55000,0,Stock
IAU,20260409,BUY,89.98,3746,0,Stock
SQQQ,20260417,SELL,57.29891875,8000,0,Stock
TEAM,20260424,SELL,69.74892116,241,0,Stock
DDOG,20260424,SELL,127.3956061,132,0,Stock
DOCU,20260424,SELL,45.465,370,0,Stock
MNDY,20260424,SELL,65.42093385,257,0,Stock
PEGA,20260424,SELL,36.51576087,460,0,Stock
WDAY,20260424,SELL,116.6236806,144,0,Stock
ARKW,20260424,SELL,138.4118182,121,0,Stock
ASAN,20260424,SELL,6.164871324,2720,0,Stock
CRM,20260424,SELL,175.4880208,96,0,Stock
XHB,20260424,SELL,108.6790323,155,0,Stock
YELP,20260424,SELL,28.42607445,591,0,Stock
DDOG,20260526,BUY,222.5415152,132,0,Stock
TEAM,20260529,BUY,103.9335685,241,0,Stock
DOCU,20260529,BUY,52.41405405,370,0,Stock
MNDY,20260529,BUY,81.87540856,257,0,Stock
PEGA,20260529,BUY,35.00297826,460,0,Stock
WDAY,20260529,BUY,142.8072222,144,0,Stock
ARKW,20260529,BUY,153.1133884,121,0,Stock
ASAN,20260529,BUY,7.6,2720,0,Stock
CRM,20260529,BUY,192.9083333,96,0,Stock
XHB,20260529,BUY,103.7284516,155,0,Stock
YELP,20260529,BUY,23.34353638,591,0,Stock
IAU,20260611,SELL,76.8084162,496,0,Stock
SPCX Call1,20260626,BUY,582.523,10,0,Stock
MSTZ Call1,20260629,BUY,265.022,5,0,Stock
SPCX Call1,20260630,BUY,785.022,5,0,Stock
SPCX Call2,20260630,BUY,52.523,10,0,Stock
SPCX Call3,20260630,BUY,561.053,50,0,Stock
SPCX Call1,20260630,SELL,1056.222,15,0,Stock
SPCX Call3,20260630,SELL,568.7152,50,0,Stock
SPCX Call2,20260630,SELL,63.475,10,0,Stock
SPCX Call4,20260701,BUY,501.273,30,0,Stock
SPCX Call4,20260720,SELL,0,30,0,Stock
MSTZ Call1,20260720,SELL,0,5,0,Stock
TEAM,20260729,BUY,103.675,1000,0,Stock
DOCU,20260729,BUY,57.83,1201,0,Stock
ASAN,20260729,BUY,8.439909009,10001,0,Stock
CRM,20260729,BUY,185.85,500,0,Stock
XHB,20260729,BUY,125.22,1,0,Stock
YELP,20260729,BUY,47.71,1,0,Stock
PSQ,20260804,SELL,25.76968696,575,0,Stock
GEF Cash,20220630,TXIN,1,1000000,0,Cash
GEF Cash,20220927,TXOUT,1,4.5,0,Cash
GEF Cash,20220927,TXOUT,1,4.5,0,Cash
GEF Cash,20220927,TXOUT,1,4.5,0,Cash
GEF Cash,20221025,TXOUT,1,4.5,0,Cash
GEF Cash,20221123,TXOUT,1,4.5,0,Cash
GEF Cash,20221228,TXOUT,1,4.5,0,Cash
GEF Cash,20230126,TXOUT,1,4.5,0,Cash
GEF Cash,20230224,TXOUT,1,4.5,0,Cash
GEF Cash,20230328,TXOUT,1,4.5,0,Cash
GEF Cash,20230427,TXOUT,1,4.5,0,Cash
GEF Cash,20230530,TXOUT,1,4.5,0,Cash
GEF Cash,20230622,TXOUT,1,0.75,0,Cash
GEF Cash,20230622,TXOUT,1,0.75,0,Cash
GEF Cash,20230622,TXOUT,1,0.75,0,Cash
GEF Cash,20230622,TXOUT,1,0.75,0,Cash
GEF Cash,20230629,TXOUT,1,4.5,0,Cash
GEF Cash,20230727,TXOUT,1,0.75,0,Cash
GEF Cash,20230727,TXOUT,1,0.75,0,Cash
GEF Cash,20230727,TXOUT,1,0.75,0,Cash
GEF Cash,20230727,TXOUT,1,0.75,0,Cash
GEF Cash,20230727,TXOUT,1,0.75,0,Cash
GEF Cash,20230727,TXOUT,1,4.5,0,Cash
GEF Cash,20230829,TXOUT,1,4.5,0,Cash
GEF Cash,20230915,TXOUT,1,4.5,0,Cash
GEF Cash,20231030,TXOUT,1,0.75,0,Cash
GEF Cash,20231030,TXOUT,1,0.75,0,Cash
GEF Cash,20231030,TXOUT,1,0.75,0,Cash
GEF Cash,20231030,TXOUT,1,0.75,0,Cash
GEF Cash,20231030,TXOUT,1,0.75,0,Cash
GEF Cash,20231030,TXOUT,1,4.5,0,Cash
GEF Cash,20231031,TXOUT,1,0.75,0,Cash
GEF Cash,20231129,TXOUT,1,4.5,0,Cash
GEF Cash,20231204,TXIN,1,1000000,0,Cash
GEF Cash,20231208,TXOUT,1,0.75,0,Cash
GEF Cash,20231208,TXOUT,1,342.85,0,Cash
GEF Cash,20231211,TXOUT,1,0.75,0,Cash
GEF Cash,20231211,TXOUT,1,0.75,0,Cash
GEF Cash,20231211,TXOUT,1,0.75,0,Cash
GEF Cash,20231214,TXOUT,1,83.93,0,Cash
GEF Cash,20231228,TXOUT,1,397.34,0,Cash
GEF Cash,20231228,TXOUT,1,4.5,0,Cash
GEF Cash,20240102,TXOUT,1,552.99,0,Cash
GEF Cash,20240102,TXOUT,1,570.86,0,Cash
GEF Cash,20240102,TXIN,1,1000000,0,Cash
GEF Cash,20240109,TXIN,1,405301.36,0,Cash
GEF Cash,20240111,TXOUT,1,0.75,0,Cash
GEF Cash,20240116,TXOUT,1,0.75,0,Cash
GEF Cash,20240116,TXOUT,1,0.75,0,Cash
GEF Cash,20240116,TXIN,1,1395464.39,0,Cash
GEF Cash,20240117,TXOUT,1,0.75,0,Cash
GEF Cash,20240117,TXOUT,1,0.75,0,Cash
GEF Cash,20240117,TXIN,1,1000000,0,Cash
GEF Cash,20240118,TXIN,1,0.75,0,Cash
GEF Cash,20240118,TXIN,1,0.75,0,Cash
GEF Cash,20240118,TXOUT,1,0.75,0,Cash
GEF Cash,20240118,TXOUT,1,0.75,0,Cash
GEF Cash,20240118,TXOUT,1,0.75,0,Cash
GEF Cash,20240130,TXOUT,1,4.5,0,Cash
GEF Cash,20240208,TXOUT,1,962.06,0,Cash
GEF Cash,20240213,TXOUT,1,0.75,0,Cash
GEF Cash,20240213,TXOUT,1,0.75,0,Cash
GEF Cash,20240213,TXOUT,1,0.75,0,Cash
GEF Cash,20240213,TXOUT,1,0.75,0,Cash
GEF Cash,20240213,TXOUT,1,0.75,0,Cash
GEF Cash,20240214,TXOUT,1,0.75,0,Cash
GEF Cash,20240214,TXOUT,1,0.75,0,Cash
GEF Cash,20240215,TXOUT,1,32.26,0,Cash
GEF Cash,20240221,TXOUT,1,0.75,0,Cash
GEF Cash,20240221,TXOUT,1,0.75,0,Cash
GEF Cash,20240227,TXOUT,1,4.5,0,Cash
GEF Cash,20240229,TXOUT,1,0.75,0,Cash
GEF Cash,20240229,TXOUT,1,0.75,0,Cash
GEF Cash,20240301,TXOUT,1,0.75,0,Cash
GEF Cash,20240301,TXOUT,1,0.75,0,Cash
GEF Cash,20240301,TXOUT,1,0.75,0,Cash
GEF Cash,20240301,TXOUT,1,0.75,0,Cash
GEF Cash,20240301,TXOUT,1,0.75,0,Cash
GEF Cash,20240301,TXOUT,1,0.75,0,Cash
GEF Cash,20240301,TXOUT,1,0.75,0,Cash
GEF Cash,20240301,TXOUT,1,0.75,0,Cash
GEF Cash,20240301,TXOUT,1,0.75,0,Cash
GEF Cash,20240301,TXOUT,1,0.75,0,Cash
GEF Cash,20240313,TXIN,1,448000,0,Cash
GEF Cash,20240314,TXIN,1,76000,0,Cash
GEF Cash,20240322,TXOUT,1,31.43,0,Cash
GEF Cash,20240326,TXOUT,1,0.79,0,Cash
GEF Cash,20240326,TXOUT,1,887.81,0,Cash
GEF Cash,20240326,TXOUT,1,4.5,0,Cash
GEF Cash,20240327,TXOUT,1,15.82,0,Cash
GEF Cash,20240327,TXOUT,1,296.41,0,Cash
GEF Cash,20240327,TXOUT,1,1.82,0,Cash
GEF Cash,20240408,TXOUT,1,44.48,0,Cash
GEF Cash,20240508,TXOUT,1,23.08,0,Cash
GEF Cash,20240524,TXOUT,1,14515.5,0,Cash
GEF Cash,20240624,TXIN,1,0,0,Cash
GEF Cash,20240626,TXOUT,1,2,0,Cash
GEF Cash,20240626,TXOUT,1,2,0,Cash
GEF Cash,20240626,TXOUT,1,2,0,Cash
GEF Cash,20240626,TXOUT,1,5,0,Cash
GEF Cash,20240626,TXOUT,1,5,0,Cash
GEF Cash,20240626,TXOUT,1,5,0,Cash
GEF Cash,20240627,TXOUT,1,503.25,0,Cash
GEF Cash,20240702,TXOUT,1,0.11,0,Cash
GEF Cash,20240703,TXOUT,1,3123.9,0,Cash
GEF Cash,20240708,TXOUT,1,15010.52,0,Cash
GEF Cash,20240718,TXOUT,1,9498.6,0,Cash
GEF Cash,20240723,TXIN,1,9498.6,0,Cash
GEF Cash,20240729,TXOUT,1,21099.41,0,Cash
GEF Cash,20240730,TXOUT,1,5487.63,0,Cash
GEF Cash,20240731,TXIN,1,21099.41,0,Cash
GEF Cash,20240805,TXOUT,1,22976.29,0,Cash
GEF Cash,20240807,TXOUT,1,9419.6,0,Cash
GEF Cash,20240807,TXOUT,1,237418.59,0,Cash
GEF Cash,20240807,TXIN,1,22976.29,0,Cash
GEF Cash,20240808,TXOUT,1,44931.7,0,Cash
GEF Cash,20240808,TXIN,1,237418.59,0,Cash
GEF Cash,20240813,TXIN,1,44931.7,0,Cash
GEF Cash,20240823,TXOUT,1,250000,0,Cash
GEF Cash,20240823,TXOUT,1,50,0,Cash
GEF Cash,20240829,TXOUT,1,5356.44,0,Cash
GEF Cash,20240909,TXOUT,1,2344.46,0,Cash
GEF Cash,20240926,TXOUT,1,2,0,Cash
GEF Cash,20240926,TXOUT,1,2,0,Cash
GEF Cash,20240926,TXOUT,1,2,0,Cash
GEF Cash,20240926,TXOUT,1,5,0,Cash
GEF Cash,20240926,TXOUT,1,5,0,Cash
GEF Cash,20240926,TXOUT,1,5,0,Cash
GEF Cash,20240927,TXOUT,1,926.53,0,Cash
GEF Cash,20241001,TXOUT,1,178.65,0,Cash
GEF Cash,20241003,TXOUT,1,50,0,Cash
GEF Cash,20241003,TXOUT,1,1000000,0,Cash
GEF Cash,20241007,TXOUT,1,2307.39,0,Cash
GEF Cash,20241010,TXOUT,1,50,0,Cash
GEF Cash,20241010,TXOUT,1,500000,0,Cash
GEF Cash,20241022,TXOUT,1,50,0,Cash
GEF Cash,20241022,TXOUT,1,600000,0,Cash
GEF Cash,20241030,TXOUT,1,350000,0,Cash
GEF Cash,20241030,TXOUT,1,50,0,Cash
GEF Cash,20241121,TXIN,1,200000,0,Cash
GEF Cash,20241127,TXOUT,1,1001.21,0,Cash
GEF Cash,20241129,TXIN,1,550000,0,Cash
GEF Cash,20241203,TXIN,1,500000,0,Cash
GEF Cash,20241224,TXOUT,1,2,0,Cash
GEF Cash,20241224,TXOUT,1,2,0,Cash
GEF Cash,20241224,TXOUT,1,2,0,Cash
GEF Cash,20241224,TXOUT,1,5,0,Cash
GEF Cash,20241224,TXOUT,1,5,0,Cash
GEF Cash,20241224,TXOUT,1,5,0,Cash
GEF Cash,20241227,TXOUT,1,2510.81,0,Cash
GEF Cash,20241230,TXOUT,1,296.9,0,Cash
GEF Cash,20250109,TXOUT,1,100000,0,Cash
GEF Cash,20250109,TXOUT,1,200000,0,Cash
GEF Cash,20250110,TXOUT,1,50,0,Cash
GEF Cash,20250206,TXOUT,1,50,0,Cash
GEF Cash,20250206,TXOUT,1,544000,0,Cash
GEF Cash,20250221,TXOUT,1,50,0,Cash
GEF Cash,20250221,TXOUT,1,874000,0,Cash
GEF Cash,20250227,TXOUT,1,685.94,0,Cash
GEF Cash,20250311,TXOUT,1,50,0,Cash
GEF Cash,20250311,TXOUT,1,3000000,0,Cash
GEF Cash,20250320,TXOUT,1,861500,0,Cash
GEF Cash,20250320,TXOUT,1,50,0,Cash
GEF Cash,20250328,TXOUT,1,2,0,Cash
GEF Cash,20250328,TXOUT,1,2,0,Cash
GEF Cash,20250328,TXOUT,1,2,0,Cash
GEF Cash,20250328,TXOUT,1,5,0,Cash
GEF Cash,20250328,TXOUT,1,5,0,Cash
GEF Cash,20250328,TXOUT,1,5,0,Cash
GEF Cash,20250408,TXIN,1,1000000,0,Cash
GEF Cash,20250509,TXOUT,1,25,0,Cash
GEF Cash,20250509,TXOUT,1,740000,0,Cash
GEF Cash,20250620,TXIN,1,32000,0,Cash
GEF Cash,20250620,TXIN,1,74000,0,Cash
GEF Cash,20250626,TXOUT,1,2,0,Cash
GEF Cash,20250626,TXOUT,1,2,0,Cash
GEF Cash,20250626,TXOUT,1,2,0,Cash
GEF Cash,20250626,TXOUT,1,5,0,Cash
GEF Cash,20250626,TXOUT,1,5,0,Cash
GEF Cash,20250626,TXOUT,1,5,0,Cash
GEF Cash,20250627,TXOUT,1,18.63,0,Cash
GEF Cash,20250813,TXIN,1,2000000,0,Cash
GEF Cash,20250828,TXOUT,1,110.9,0,Cash
GEF Cash,20250926,TXOUT,1,2,0,Cash
GEF Cash,20250926,TXOUT,1,2,0,Cash
GEF Cash,20250926,TXOUT,1,2,0,Cash
GEF Cash,20250926,TXOUT,1,5,0,Cash
GEF Cash,20250926,TXOUT,1,5,0,Cash
GEF Cash,20250926,TXOUT,1,5,0,Cash
GEF Cash,20251016,TXIN,1,3000000,0,Cash
GEF Cash,20251023,TXOUT,1,241194.64,0,Cash
GEF Cash,20251024,TXIN,1,241194.64,0,Cash
GEF Cash,20251030,TXOUT,1,86.31,0,Cash
GEF Cash,20251226,TXOUT,1,697.8,0,Cash
GEF Cash,20251230,TXOUT,1,2,0,Cash
GEF Cash,20251230,TXOUT,1,2,0,Cash
GEF Cash,20251230,TXOUT,1,2,0,Cash
GEF Cash,20251230,TXOUT,1,5,0,Cash
GEF Cash,20251230,TXOUT,1,5,0,Cash
GEF Cash,20251230,TXOUT,1,5,0,Cash
GEF Cash,20251231,TXOUT,1,165.61,0,Cash
GEF Cash,20260115,TXIN,1,1667.06,0,Cash
GEF Cash,20260205,TXIN,1,525.76,0,Cash
GEF Cash,20260206,TXOUT,1,9868.08,0,Cash
GEF Cash,20260206,TXOUT,1,1233.95,0,Cash
GEF Cash,20260209,TXIN,1,9868.08,0,Cash
GEF Cash,20260212,TXOUT,1,8068.32,0,Cash
GEF Cash,20260218,TXOUT,1,500000,0,Cash
GEF Cash,20260225,TXOUT,1,1633.44,0,Cash
GEF Cash,20260225,TXOUT,1,26709.2,0,Cash
GEF Cash,20260304,TXOUT,1,44380.63,0,Cash
GEF Cash,20260305,TXOUT,1,44380.63,0,Cash
GEF Cash,20260305,TXIN,1,44844.22,0,Cash
GEF Cash,20260305,TXIN,1,6770.55,0,Cash
GEF Cash,20260306,TXIN,1,37610.05,0,Cash
GEF Cash,20260313,TXIN,1,617.42,0,Cash
GEF Cash,20260318,TXOUT,1,21405,0,Cash
GEF Cash,20260319,TXIN,1,21405,0,Cash
GEF Cash,20260326,TXOUT,1,21,0,Cash
GEF Cash,20260327,TXOUT,1,45950.55,0,Cash
GEF Cash,20260330,TXOUT,1,64123.59,0,Cash
GEF Cash,20260330,TXIN,1,678.04,0,Cash
GEF Cash,20260330,TXOUT,1,85.09,0,Cash
GEF Cash,20260331,TXIN,1,45950.55,0,Cash
GEF Cash,20260331,TXOUT,1,154.83,0,Cash
GEF Cash,20260331,TXIN,1,64123.59,0,Cash
GEF Cash,20260402,TXOUT,1,41703.46,0,Cash
GEF Cash,20260407,TXOUT,1,173693.89,0,Cash
GEF Cash,20260407,TXIN,1,41703.46,0,Cash
GEF Cash,20260408,TXIN,1,173693.89,0,Cash
GEF Cash,20260415,TXIN,1,898.21,0,Cash
GEF Cash,20260429,TXOUT,1,26.35,0,Cash
GEF Cash,20260515,TXIN,1,2239.44,0,Cash
GEF Cash,20260519,TXOUT,1,3788500,0,Cash
GEF Cash,20260520,TXOUT,1,25,0,Cash
GEF Cash,20260611,TXOUT,1,626795.92,0,Cash
GEF Cash,20260611,TXOUT,1,3534.94,0,Cash
GEF Cash,20260615,TXIN,1,188.96,0,Cash
GEF Cash,20260617,TXOUT,1,3069.86,0,Cash
GEF Cash,20260618,TXIN,1,3069.86,0,Cash
GEF Cash,20260624,TXOUT,1,47.96,0,Cash
GEF Cash,20260625,TXOUT,1,4091.17,0,Cash
GEF Cash,20260626,TXIN,1,4091.17,0,Cash
GEF Cash,20260626,TXOUT,1,0.08,0,Cash
GEF Cash,20260626,TXOUT,1,21,0,Cash
GEF Cash,20260626,TXOUT,1,7991.64,0,Cash
GEF Cash,20260630,TXIN,1,7991.64,0,Cash
GEF Cash,20260630,TXOUT,1,0.62,0,Cash
GEF Cash,20260630,TXOUT,1,0.05,0,Cash
GEF Cash,20260630,TXOUT,1,318256.35,0,Cash
GEF Cash,20260630,TXIN,1,65687.63,0,Cash
GEF Cash,20260708,TXOUT,1,0.51,0,Cash
GEF Cash,20260715,TXIN,1,223.14,0,Cash
GEF Cash,20260721,TXOUT,1,0.05,0,Cash
GEF Cash,20260723,TXOUT,1,800050,0,Cash
GEF Cash,20260728,TXIN,1,56.9,0,Cash
GEF Cash,20260731,TXIN,1,3534.94,0,Cash
GEF Cash,20260731,TXIN,1,564872.89,0,Cash
GEF Cash,20260807,TXOUT,1,0.52,0,Cash
GEF Cash,20260814,TXIN,1,7.02,0,Cash
