Direction,Name of Asset,Coupon Rate,Maturity Date,Trade Date,Settlement Date,Ytm,Price,Face Value,Consideration,Principal ,Accrued Interest
Sell,NGERIA 7.696 02/23/38,0.07696,2038-02-23,2024-09-19,2024-09-20,0.10303390095958112,81.25,400000,327308.8,325000.0,2308.7999999999997
Sell,SEPLAT 7.75 01/04/26 ,0.0775,2026-04-01,2024-10-10,2024-10-16,0.07967709162906365,99.7,450000,450103.125,448650.0,1453.125
Buy,ANGOL 9 3/8 05/08/48,0.09375,2048-05-08,2024-10-18,2024-10-22,0.11100067438603826,85.67,600000,539645.0,514020.0,25625.0
Buy,ANGOL 9 1/8 11/26/49,0.09125,2049-11-26,2024-10-28,2024-10-30,0.11055330338844868,83.7,600000,525620.8333333334,502200.0,23420.833333333332
Buy,ANGOL 9 1/8 11/26/49,0.09125,2049-11-26,2024-10-28,2024-10-30,0.11020908017257983,83.95,400000,351413.8888888889,335800.0,15613.888888888889
Buy,ANGOL 9 3/8 05/08/48,0.09375,2048-05-08,2024-11-20,2024-11-25,0.11390666887850237,83.61,545000,478382.83,455674.5,2412.7604166666665
Buy,ANGOL 9 3/8 05/08/48,0.09375,2048-05-08,2024-11-29,2024-12-03,0.11334855479479528,84.0,1135000,1003056.25,953400.0,7389.322916666667
Sell,ANGOL 9 1/8 11/26/49,0.09125,2049-11-26,2025-02-20,2025-02-24,0.11399256026544623,81.3,1000000,835305.5555555555,813000.0,22305.555555555555
Sell,ANGOL 9 3/8 05/08/48,0.09375,2048-05-08,2025-02-20,2025-02-24,0.1146290313457587,83.125,2280000,1936218.75,1895250.0,62937.5
Sell,ACCESS 9 1/8 PERP,0.09125,2026-07-07,2025-02-20,2025-02-24,0.08323205756930944,101.0,291000,297376.7395833333,293910.0,3466.7395833333335
Buy,ANGOL 9 1/8 11/26/49,0.09125,2049-11-26,2025-06-27,2025-07-01,0.12018365227885404,77.3,1200000,938245.8333333334,927600.0,10645.833333333334
Buy,ANGOL 9 1/8 11/26/49,0.09125,2049-11-26,2025-06-30,2025-07-02,0.11988148447298592,77.49,1500000,1176037.4999999998,1162349.9999999998,13687.5
Sell,NGERIA 10.375 12/09/34 ,0.10375,2034-12-09,2025-07-14,2025-07-16,0.09545873465307343,105.05,750000,795872.3958333334,787875.0,7997.395833333333
Sell,KENINT 9 1/2 03/05/36,0.095,2036-03-05,2025-07-15,2025-07-17,0.10668490097459601,92.65,5000000,4806666.666666667,4632500.0,174166.66666666666
Sell,ANGOL 8.75 04/14/2032,0.0875,2032-04-14,2025-07-16,2025-07-18,0.11502977205974005,87.3,5000000,4479236.111111111,4365000.0,114236.11111111112
Sell,NGERIA 10.375 12/09/34 ,0.10375,2034-12-09,2025-07-15,2025-07-18,0.0951385442297189,105.25,1000000,1063739.5833333333,1052500.0,11239.583333333334
Sell,NGERIA 10.375 12/09/34 ,0.10375,2034-12-09,2025-07-16,2025-07-18,0.09680660884662026,104.2,2000000,2106479.1666666665,2084000.0,
Sell,KENINT 9 1/2 03/05/36,0.095,2036-03-05,2025-07-16,2025-07-21,0.10770757926080406,92.05,1000000,956388.8888888889,920500.0,
Sell,KENINT 9 1/2 03/05/36,0.095,2036-03-05,2025-07-16,2025-07-22,0.10779497296873697,92.0,2000000,1912305.5555555555,1840000.0,
Sell,ANGOL 8 1/4 05/09/28,0.0825,2028-05-09,2025-07-15,2025-07-17,0.10551356525007144,94.5,1500000,1428500.0,1417500.0,
Sell,ANGOL 8 1/4 05/09/28,0.0825,2028-05-09,2025-07-15,2025-07-18,0.1066235997435835,94.25,1000000,950062.5,942500.0,
Sell,NGERIA 7.875 02/16/32,0.07875,2032-02-16,2025-07-14,2025-07-18,0.08840448975795627,95.25,1000000,985750.0,952500.0,
Buy,NIGERIA 8.250 9/28/51,0.0825,2051-09-28,2025-07-14,2025-07-18,0.10016903396655794,83.7,2600000,2241741.6666666665,2176200.0,
Sell,NGERIA 8.747 01/21/31,0.08746999999999999,2031-01-21,2025-07-14,2025-07-18,0.08596038972434299,100.65,1100000,1154456.6916666667,1107150.0,
Sell,NGERIA 8 3/8 3/24/29,0.08375,2029-03-24,2025-07-14,2025-07-18,0.0810367781580033,100.83,4100000,4242765.416666667,4134030.0,
Sell,NGERIA 10.375 12/09/34 ,0.10375,2034-12-09,2025-07-16,2025-07-18,0.09680660884662026,104.2,750000,789929.6875,781500.0,
Sell,ANGOL 8.75 04/14/2032,0.0875,2032-04-14,2025-07-16,2025-07-22,0.11482636889866375,87.4,5000000,4489097.222222222,4370000.0,
Sell,ANGOL 8 1/4 05/09/28,0.0825,2028-05-09,2025-07-16,2025-07-21,0.10888334374824717,93.75,3000000,2837250.0,2812500.0,
Sell,ANGOL 8 1/4 05/09/28,0.0825,2028-05-09,2025-07-16,2025-07-21,0.10888334374824717,93.75,2400000,2269800.0,2250000.0,
Sell,ACCESS 9 1/8 PERP,0.09125,2026-07-07,2025-07-15,2025-07-21,0.10150343517005071,99.075,500000,497149.30555555556,495375.0,
Sell,ANGOL 8.75 04/14/2032,0.0875,2032-04-14,2025-07-17,2025-07-21,0.11487720280594348,87.375,2000000,1794652.7777777778,,
Sell,ANGOL 8.75 04/14/2032,0.0875,2032-04-14,2025-07-17,2025-07-22,0.11515829463753958,87.26,700000,627493.61,,
Sell,ANGOL 8.75 04/14/2032,0.0875,2032-04-14,2025-07-17,2025-07-22,0.11482636889866375,87.4,2000000,1795638.89,,
Sell,ANGOL 8.75 04/14/2032,0.0875,2032-04-14,2025-07-17,2025-07-22,0.115182029688591,87.25,2000000,1792638.89,,
Sell,KENINT 9 1/2 03/05/36,0.095,2036-03-05,2025-07-17,2025-07-22,0.10594231965103475,93.1,1950000,1885947.92,,
Sell,NIGERIA 8.250 9/28/51,0.0825,2051-09-28,2025-07-21,2025-07-22,0.10010855028844051,83.75,2600000,2245425.0,2177500.0,
Sell,NIGERIA 8.250 9/28/51,0.0825,2051-09-28,2025-07-21,2025-07-22,0.10010855028844051,83.75,2600000,2245425.0,2177500.0,
Sell,ANGOL 9 3/8 05/08/48,0.09375,2048-05-08,2025-07-17,2025-07-21,0.12251284772840519,78.05,3000000,2369625.0,,
Sell,ANGOL 9.375% 05/08/48,0.09375,2048-08-05,2025-07-22,2025-07-24,0.11978288750540703,79.75,1000000,807656.25,797500.0,
Sell,ANGOL 9.375% 05/08/48,0.09375,2048-08-05,2025-07-23,2025-07-25,0.1193957366647739,80.0,1000000,810416.67,800000.0,
Sell,ANGOL 9.375% 05/08/48,0.09375,2048-08-05,2025-07-23,2025-07-25,0.1193957366647739,80.0,1000000,810416.67,800000.0,
Sell,ANGOL 9 1/8 11/26/49,0.09125,2049-11-26,2025-07-24,2025-07-25,0.11904906211494423,78.02,2000000,1590309.72,,
Sell,ANGOL 9.375% 05/08/48,0.09375,2048-08-05,2025-07-17,2025-07-23,0.12256401099671053,78.0,3000000,2369687.5,,
Buy,SEPLAT 9.125 03/21/30,0.09125,2030-03-21,2025-07-29,2025-07-31,0.08791136496132476,101.23,1000000,1044997.92,,
Buy,ETI 10.125% 10/15/2029,0.10125,2029-10-15,2025-07-30,2025-08-01,0.08429601580353492,105.875,500000,544281.25,,
Sell,SEPLAT 9.125 03/21/30,0.09125,2030-03-21,2025-08-04,2025-08-06,0.08448113116593228,102.53,1000000,1059518.75,,
Buy,EGYPT 8.7002 03/01/49,0.08700200000000001,2049-03-01,2025-08-22,2025-08-26,0.10226798777023613,86.5,500000,453646.31944444444,432500.0,21146.31944444445
Buy,SEPLLN 9 1/8 03/21/30,0.09125,2030-03-21,2025-08-22,2025-08-26,0.08058377718368548,104.0,1000000,1079288.1944444445,1040000.0,39288.194444444445
Buy,SEPLLN 9 1/8 03/21/30,0.09125,2030-03-21,2025-08-22,2025-08-26,0.08058377718368548,104.0,500000,539644.0972222222,520000.0,19644.097222222223
Buy,SEPLLN 9 1/8 03/21/30,0.09125,2030-03-21,2025-08-22,2025-08-26,0.08058377718368548,104.0,500000,539644.0972222222,520000.0,19644.097222222223
Buy,SEPLLN 9 1/8 03/21/30,0.09125,2030-03-21,2025-08-22,2025-08-26,0.08058377718368548,104.0,500000,539644.0972222222,520000.0,19644.097222222223
Buy,SEPLLN 9 1/8 03/21/30,0.09125,2030-03-21,2025-08-22,2025-08-26,0.08155893445486677,103.625,500000,537769.0972222222,518125.0,19644.097222222223
Buy,SEPLLN 9 1/8 03/21/30,0.09125,2030-03-21,2025-08-22,2025-08-26,0.08155893445486677,103.625,500000,537769.0972222222,518125.0,19644.097222222223
Buy,NGERIA 9.248 01/21/49,0.09247999999999999,2049-01-21,2025-08-22,2025-08-26,0.09246287122492226,100.0,500000,504495.55555555556,500000.0,4495.555555555556
Buy,KENINT 9 1/2 03/05/36,0.095,2036-05-03,2025-08-22,2025-08-26,0.09648038395816314,99.0,500000,509909.72222222225,495000.0,14909.722222222223
Buy,KENINT 8 1/4 02/28/48,0.0825,2048-02-28,2025-08-22,2025-08-26,0.09683941021182015,87.0,500000,455166.6666666667,435000.0,20166.666666666664
Buy,NGERIA 8 1/4 09/28/51,0.0825,2051-09-28,2025-08-22,2025-08-26,0.09244126849298663,90.25,1200000,1123700.0,1083000.0,40700.0
Buy,KENINT 8 1/4 02/28/48,0.0825,2048-02-28,2025-08-22,2025-08-26,0.09745741279267285,86.5,1200000,1086400.0,1038000.0,48400.0
Buy,NGERIA 8 1/4 09/28/51,0.0825,2051-09-28,2025-08-22,2025-08-26,0.0935633065364427,89.25,1200000,1111700.0,1071000.0,40700.0
Buy,NGERIA 9.248 01/21/49,0.09247999999999999,2049-01-21,2025-08-22,2025-08-26,0.09352260330416041,99.0,1200000,1198789.3333333333,1188000.0,10789.333333333332
Buy,NGERIA 7 5/8 11/28/47,0.07625,2047-11-28,2025-08-22,2025-08-26,0.09342974113001389,84.0,1200000,1030366.6666666666,1008000.0,22366.666666666664
Buy,ANGOL 9 3/8 05/08/48,0.09375,2048-08-05,2025-08-22,2025-08-26,0.11417217052006033,83.5,1500000,1280234.38,1252500.0,
Buy,EGYPT 8 1/2 01/31/47,0.085,2047-01-31,2025-08-22,2025-08-26,0.10372755687739436,84.0,2000000,1692277.7777777778,1680000.0,12277.777777777777
Buy,NGERIA 7 5/8 11/28/47,0.07625,2047-11-28,2025-08-22,2025-08-26,0.0935841493142926,83.875,1000000,857388.8888888889,838750.0,18638.888888888887
Buy,ANGOL 9 1/8 11/26/49,0.09125,2049-11-26,2025-08-22,2025-08-26,0.11509325481654373,80.625,1000000,829062.5,806250.0,22812.5
Buy,ANGOL 9 1/8 11/26/49,0.09125,2049-11-26,2025-08-22,2025-08-26,0.11602552514386177,80.0,1000000,822812.5,800000.0,22812.5
Buy,ANGOL 9 3/8 05/08/48,0.09375,2048-08-05,2025-08-22,2025-08-26,0.11489696888750452,83.0,1000000,848489.58,830000.0,
Buy,ANGOL 9 3/8 05/08/48,0.09375,2048-08-05,2025-08-22,2025-08-26,0.11526217746354998,82.75,1000000,845989.58,827500.0,
Buy,ANGOL 9 3/8 05/08/48,0.09375,2048-08-05,2025-08-22,2025-08-26,0.11562928160508869,82.5,1000000,843489.58,825000.0,
Buy,ANGOL 9 3/8 05/08/48,0.09375,2048-08-05,2025-08-22,2025-08-26,0.11599829855788359,82.25,1000000,840989.58,822500.0,
Buy,ANGOL 9 3/8 05/08/48,0.09375,2048-08-05,2025-08-22,2025-08-26,0.11599829855788359,82.25,1000000,840989.58,822500.0,
Buy,ANGOL 9 3/8 05/08/48,0.09375,2048-08-05,2025-08-22,2025-08-26,0.1161835297874111,82.125,1000000,839739.58,821250.0,
Buy,EGYPT 8.7002 03/01/49,0.08700200000000001,2049-01-03,2025-08-22,2025-08-26,0.10227266889638173,86.5,250000,219452.15694444443,216250.0,3202.156944444445
Buy,EGYPT 8 1/2 01/31/47,0.085,2047-01-31,2025-08-22,2025-08-26,0.10173431526672726,85.5,250000,215284.72222222222,213750.0,1534.7222222222222
Buy,EGYPT 8 1/2 01/31/47,0.085,2047-01-31,2025-08-22,2025-08-26,0.10239237206803624,85.0,250000,214034.72222222222,212500.0,1534.7222222222222
Buy,T 4 3/4 05/15/55,0.0475,2055-05-15,2025-08-22,2025-08-25,0.04853635718208791,98.37109,2000000,1993810.688888889,1967421.8,26388.88888888889
Buy,EGYPT 8.7002 03/01/49,0.08700200000000001,2049-03-01,2025-08-22,2025-08-26,0.10163343508813821,87.0,250000,228073.15972222222,217500.0,10573.159722222224
Buy,ANGOL 9 3/8 05/08/48,0.09375,2048-08-05,2025-08-22,2025-08-26,0.11345475277486239,84.0,250000,214622.4,210000.0,
Buy,EGYPT 8 1/2 01/31/47,0.085,2047-01-31,2025-08-22,2025-08-26,0.10173431526672726,85.5,250000,215284.72222222222,213750.0,1534.7222222222222
Buy,ANGOL 9 3/8 05/08/48,0.09375,2048-08-05,2025-08-22,2025-08-26,0.11381254729832317,83.75,250000,213997.4,209375.0,
Buy,ANGOL 9 3/8 05/08/48,0.09375,2048-08-05,2025-08-22,2025-08-26,0.11352616616437511,83.95,2000000,1715979.17,1679000.0,
Buy,ANGOL 9 1/8 11/26/49,0.09125,2049-11-26,2025-08-22,2025-08-26,0.11351877115999552,81.7,2000000,1679625.0,1634000.0,45625.0
Sell,T 4 3/4 08/15/55,0.0475,2055-08-15,2025-09-16,2025-09-17,0.04670067755886369,101.27734,2000000,2034065.8217391304,2025546.8,8519.021739130434
Buy,T 4 3/4 08/15/55,0.0475,2055-08-15,2025-09-17,2025-09-18,0.04627055456221083,101.976563,2000000,2048308.4339130435,2039531.26,8777.173913043478
Sell,T 4 3/4 05/15/55,0.0475,2055-05-15,2025-09-17,2025-09-18,0.04626945111300593,101.96875,2000000,2071902.1739130435,2039375.0,32527.17391304348
Sell,EGYPT 8 1/2 01/31/47,0.085,2047-01-31,2025-09-17,2025-09-19,0.0982270897525397,88.25,750000,670552.0833333334,661875.0,8677.083333333334
Sell,ANGOL 9 3/8 05/08/48,0.09375,2048-12-15,2025-09-17,2025-09-19,0.11248058036577846,84.625,264000,229872.5,223410.0,6462.5
Sell,ANGOL 9 3/8 05/08/48,0.09375,2048-12-15,2025-09-17,2025-09-19,0.11248058036577846,84.625,1000000,870729.1666666666,846250.0,24479.166666666668
Sell,ANGOL 9 3/8 05/08/48,0.09375,2048-12-15,2025-09-17,2025-09-19,0.11248058036577846,84.625,1500000,1306093.75,1269375.0,36718.75
Sell,ANGOL 9 1/8 11/26/49,0.0913,2049-11-26,2025-09-17,2025-09-19,0.11208968961052668,82.75,1000000,856158.0555555555,827500.0,28658.055555555555
Sell,ANGOL 9 1/8 11/26/49,0.0913,2049-11-26,2025-09-17,2025-09-19,0.11208968961052668,82.75,1000000,856158.0555555555,827500.0,28658.055555555555
Sell,ANGOL 9 1/8 11/26/49,0.0913,2049-11-26,2025-09-17,2025-09-19,0.11191269956240948,82.875,1000000,857408.0555555555,828750.0,28658.055555555555
Sell,ANGOL 9 1/8 11/26/49,0.0913,2049-11-26,2025-09-17,2025-09-19,0.11173616910709896,83.0,1700000,1459718.6944444445,1411000.0,48718.694444444445
Sell,EGYPT 8.7002 03/01/49,0.087,2049-03-01,2025-09-17,2025-09-19,0.09885059032464229,89.25,1000000,896850.0,892500.0,4350.0
Sell,KENINT 8 1/4 02/28/48,0.0825,2048-02-28,2025-09-17,2025-09-19,0.09227547988251844,90.75,1700000,1550931.25,1542750.0,8181.25
Sell,ANGOL 9 3/8 05/08/48,0.09375,2048-12-15,2025-09-17,2025-09-19,0.1119557453125859,85.0,1000000,874479.1666666666,850000.0,24479.166666666668
Sell,ANGOL 9 3/8 05/08/48,0.09375,2048-12-15,2025-09-17,2025-09-19,0.11178167706728395,85.125,1000000,875729.1666666666,851250.0,24479.166666666668
Sell,NGERIA 7 5/8 11/28/47,0.0763,2047-11-28,2025-09-17,2025-09-19,0.08990154445079368,87.0,2200000,1965756.8333333333,1914000.0,51756.83333333334
Sell,NGERIA 8 1/4 09/28/51,0.0825,2051-09-28,2025-09-17,2025-09-19,0.09162939060962422,91.0,2400000,2278050.0,2184000.0,94050.0
Sell,NGERIA 9.248 01/21/49,0.0925,2049-01-21,2025-09-17,2025-09-19,0.09040581794469575,102.0,1700000,1759334.7222222222,1734000.0,25334.722222222223
Sell,ANGOL 9 3/8 05/08/48,0.09375,2048-12-15,2025-09-17,2025-09-19,0.11160804401273017,85.25,1500000,1315468.75,1278750.0,36718.75
Sell,EGYPT 8 7/8 05/29/50,0.08875,2050-05-29,2025-09-17,2025-09-19,0.09863799639330605,90.88,500000,467959.02777777775,454400.0,13559.02777777778
Sell,EGYPT 8 1/2 01/31/47,0.085,2047-01-31,2025-09-17,2025-09-19,0.0982270897525397,88.25,2000000,1788138.888888889,1765000.0,23138.888888888887
Sell,ANGOL 9 3/8 05/08/48,0.09375,2048-12-15,2025-09-17,2025-09-19,0.11230519503284214,84.75,1000000,871979.1666666666,847500.0,24479.166666666668
Sell,ANGOL 9 3/8 05/08/48,0.09375,2048-12-15,2025-09-17,2025-09-19,0.1119557453125859,85.0,2000000,1748958.3333333333,1700000.0,48958.333333333336
Sell,ANGOL 9 3/8 05/08/48,0.09375,2048-12-15,2025-09-17,2025-09-19,0.11153871221836473,85.3,1000000,877479.1666666666,853000.0,24479.166666666668
Sell,ANGOL 9 3/8 05/08/48,0.09375,2048-12-15,2025-09-17,2025-09-19,0.11140025612487901,85.4,236000,207321.08333333334,201544.0,5777.083333333334
Buy,SEPLLN 9 1/8 03/21/30,0.09125,2030-03-21,2025-10-03,2025-10-07,0.08373501597965223,102.74,500000,515727.77777777775,513700.0,2027.7777777777778
Buy,ETI 10.125% 10/15/2029,0.10125,2029-10-15,2025-10-03,2025-10-07,0.07981066535921028,107.25,500000,560437.5,536250.0,24187.5
Buy,ANGOL 9.875 10/15/35,0.09875,2035-10-15,2025-10-09,2025-10-15,0.10079503711299671,98.73,1000000,987300.0,987300.0,0.0
Buy,ANGOL 9.875 10/15/35,0.09875,2035-10-15,2025-10-09,2025-10-15,0.10060027908805688,98.85,1000000,988500.0,988500.0,0.0
Buy,ANGOL 9.875 10/15/35,0.09875,2035-10-15,2025-10-09,2025-10-15,0.10076255495046847,98.75,1000000,987500.0,987500.0,0.0
Buy,ANGOL 9.875 10/15/35,0.09875,2035-10-15,2025-10-09,2025-10-15,0.1009657146083466,98.625,1000000,986250.0,986250.0,0.0
Buy,ANGOL 9.875 10/15/35,0.09875,2035-10-15,2025-10-09,2025-10-15,0.10092505469383757,98.65,1000000,986500.0,986500.0,0.0
Buy,NIGERIA 10.375 9/12/34,0.10375,2034-12-09,2025-10-10,2025-10-15,0.08654515622416137,110.7,1500000,1714968.75,1660500.0,54468.75
Sell,ANGOL 9 3/8 05/08/48,0.09375,2048-05-08,2025-10-14,2025-10-16,0.11425852601202773,83.5,1000000,866510.42,835000.0,31510.42
Sell,ANGOL 9 3/8 05/08/48,0.09375,2048-05-08,2025-10-14,2025-10-16,0.11425852601202773,83.5,1000000,866510.42,835000.0,31510.42
Sell,KENINT 9 1/2 03/05/36,0.095,2036-03-05,2025-10-14,2025-10-16,0.0965156553729467,99.0,500000,500409.72222222225,495000.0,5409.722222222222
Sell,ETI 10.125% 10/15/2029,0.10125,2029-10-15,2025-11-20,2025-11-24,0.08655778550826519,104.75,500000,529234.375,523750.0,5484.375
Sell,ETI 10.125% 10/15/2029,0.10125,2029-10-15,2025-11-20,2025-11-24,0.08881138542446092,104.0,500000,525484.375,520000.0,5484.375
Buy,ANGOL 9.875 10/15/35,0.09875,2035-10-15,2025-12-05,2025-12-09,0.10096571460743918,100.25,500000,508656.25,501250.0,7406.25
Sell,NIGERIA 10.375 9/12/34,0.10375,2034-12-09,2026-03-31,2026-04-02,0.08039838108427516,114.375,1000000,1176315.9722222222,1143750.0,32565.972222222223
Sell,ANGOL 9.875 10/15/35,0.09875,2035-10-15,2026-03-31,2026-04-02,0.10096571460743918,99.75,2000000,2086618.0555555555,1995000.0,91618.05555555556
Sell,NIGERIA 10.375 9/12/34,0.10375,2034-12-09,2026-04-02,2026-04-06,0.08019467641685199,114.5,500000,589359.375,572500.0,16859.375
Sell,SEPLLN 9 1/8 03/21/30,0.09125,2030-03-21,2026-04-02,2026-04-07,0.07347588452703958,106.0,2000000,2128111.111111111,2120000.0,8111.111111111111
Sell,ANGOL 9.875 10/15/35,0.09875,2035-10-15,2026-04-02,2026-04-07,0.09792244336143727,100.5,500000,526090.2777777778,502500.0,23590.277777777777
Sell,ANGOL 9.875 10/15/35,0.09875,2035-10-15,2026-04-02,2026-04-07,0.0975149010511976,100.75,3000000,3164041.6666666665,3022500.0,141541.6666666667
